/*******************************************************************************
 * Size: 28 px
 * Bpp: 4
 * Opts: --font C:/Windows/Fonts/arialbd.ttf -o font_ru_28_bold.c --format lvgl --bpp 4 --size 28 --lv-font-name font_ru_28_bold -r 0x20-0x7E,0xB0,0x401,0x410-0x44F,0x451
 ******************************************************************************/

#ifdef LV_LVGL_H_INCLUDE_SIMPLE
#include "lvgl.h"
#else
#include "lvgl/lvgl.h"
#endif

#ifndef FONT_RU_28_BOLD
#define FONT_RU_28_BOLD 1
#endif

#if FONT_RU_28_BOLD

/*-----------------
 *    BITMAPS
 *----------------*/

/*Store the image of the glyphs*/
static LV_ATTRIBUTE_LARGE_CONST const uint8_t glyph_bitmap[] = {
    /* U+0020 " " */

    /* U+0021 "!" */
    0x7f, 0xfa, 0x80, 0x3f, 0xf9, 0x2, 0x1, 0x19,
    0x80, 0x21, 0x60, 0xb, 0x88, 0x2, 0x21, 0x0,
    0x9c, 0x4, 0x0, 0x40, 0x60, 0x1, 0x6, 0x1,
    0x0, 0x8, 0x18, 0x0, 0x81, 0x80, 0x11, 0xf6,
    0x9, 0xdd, 0x38, 0x8e, 0xf0, 0xf, 0xf0,

    /* U+0022 "\"" */
    0x7f, 0xfa, 0xc1, 0x3f, 0xee, 0x0, 0xff, 0xe5,
    0x8, 0x7, 0xf1, 0x90, 0x4, 0x60, 0xa0, 0x13,
    0x28, 0x5, 0xa0, 0x22, 0x0, 0x18, 0x88, 0x0,
    0xc0, 0x5, 0x0, 0x68, 0x66, 0x46, 0x0, 0xac,
    0xc2, 0x80,

    /* U+0023 "#" */
    0x0, 0xee, 0xff, 0x10, 0x3, 0x7f, 0xca, 0x1,
    0xc6, 0x20, 0x24, 0x2, 0x40, 0x5, 0x0, 0xe4,
    0x0, 0x38, 0x1, 0xc0, 0x6, 0x1, 0xec, 0x0,
    0x60, 0x3, 0x0, 0x16, 0x0, 0xcf, 0xf9, 0x0,
    0x15, 0xfe, 0x50, 0x4, 0x7a, 0x0, 0x7f, 0xf5,
    0x33, 0xb8, 0xc0, 0x7, 0xee, 0x40, 0x1, 0x3b,
    0x88, 0x2, 0x22, 0x0, 0x68, 0x8b, 0x80, 0x6,
    0x22, 0x0, 0xca, 0x0, 0x60, 0x2, 0x80, 0x34,
    0x3, 0xc2, 0x0, 0x30, 0x1, 0x0, 0x1c, 0x3,
    0x8c, 0x0, 0x20, 0x1, 0x10, 0x0, 0x80, 0x2c,
    0xfc, 0x0, 0xf, 0xfb, 0x80, 0x2f, 0xf9, 0x0,
    0x3f, 0xfa, 0x99, 0xe0, 0x17, 0x7f, 0x84, 0x1,
    0x9f, 0xf2, 0x1, 0x80, 0x8, 0x40, 0x44, 0x0,
    0x30, 0xe, 0x50, 0x3, 0x80, 0x14, 0x0, 0x60,
    0x1e, 0xc0, 0x6, 0x0, 0x30, 0x0, 0x80, 0x1e,
    0x70, 0x2, 0x80, 0xc, 0x1, 0xa0, 0x1c,

    /* U+0024 "$" */
    0x0, 0xf1, 0xdb, 0x80, 0x7f, 0xc3, 0x69, 0x64,
    0x1, 0xf8, 0xaf, 0x9c, 0xf, 0x74, 0x80, 0x1c,
    0x58, 0x80, 0x1c, 0x56, 0xa0, 0x1b, 0xc4, 0x0,
    0x20, 0x20, 0x15, 0x8, 0x0, 0xc8, 0x0, 0xf6,
    0x9, 0x40, 0x13, 0x0, 0x10, 0x2, 0x80, 0x9,
    0x50, 0xd8, 0x80, 0x3f, 0xeb, 0xc9, 0x50, 0x1,
    0x0, 0x4e, 0x1, 0xfe, 0x40, 0xa, 0x20, 0x1,
    0xfc, 0x2c, 0x1, 0x10, 0x2c, 0xa0, 0x7, 0xa5,
    0x0, 0x39, 0xaf, 0x8, 0x3, 0xae, 0x4, 0x3,
    0x8f, 0x48, 0x3, 0x9f, 0xa0, 0x3, 0xdc, 0x1,
    0xf1, 0x2, 0xd0, 0x80, 0xc, 0x80, 0x3f, 0x96,
    0x80, 0x26, 0x9, 0xac, 0x90, 0xe, 0x40, 0xe,
    0x45, 0x36, 0x10, 0xc, 0x60, 0x13, 0x2, 0x80,
    0x5a, 0x1, 0xf, 0x80, 0x4, 0x82, 0x40, 0x23,
    0xa0, 0x4f, 0x30, 0x4, 0x0, 0x6, 0x80, 0x38,
    0x44, 0x0, 0x66, 0x0, 0x4b, 0x64, 0x1, 0xc3,
    0x32, 0x0, 0xe4, 0xdc, 0x60, 0x3c, 0xe6, 0x0,
    0xfc, 0x78, 0xc, 0x60, 0x1f, 0xfc, 0x80,

    /* U+0025 "%" */
    0x1, 0x9e, 0xfe, 0xa3, 0x0, 0xfb, 0xbf, 0x40,
    0x3d, 0x8c, 0x20, 0x2b, 0x86, 0x1, 0xce, 0x21,
    0x0, 0x1c, 0xe4, 0x7, 0x8c, 0x0, 0x80, 0xe,
    0x90, 0x35, 0x0, 0xec, 0x0, 0x49, 0xc0, 0x1,
    0x0, 0x34, 0x8, 0x40, 0x7, 0x9c, 0x0, 0xc0,
    0x20, 0x1e, 0x17, 0x4, 0x40, 0x7, 0x9c, 0x0,
    0xe0, 0x20, 0x1e, 0x80, 0x4, 0x0, 0x7d, 0x80,
    0xe, 0x6, 0x0, 0x20, 0x0, 0x98, 0x14, 0xc0,
    0x3e, 0x62, 0x5, 0xf8, 0x0, 0x40, 0x2, 0x0,
    0x10, 0x1, 0xf8, 0x71, 0x84, 0x5, 0x30, 0xc0,
    0x94, 0x18, 0x80, 0x3f, 0x86, 0x7b, 0xfa, 0xcc,
    0x1, 0x20, 0x8, 0x2, 0xbf, 0xf6, 0x28, 0x7,
    0xfc, 0x68, 0xe, 0x27, 0xa8, 0x0, 0x3a, 0x70,
    0xf, 0xf7, 0x80, 0x24, 0x20, 0x1, 0x14, 0x0,
    0x81, 0x0, 0xfc, 0xa6, 0xe, 0x20, 0x80, 0x2e,
    0xaa, 0x0, 0x20, 0x7, 0xe8, 0x1, 0x80, 0x30,
    0x1, 0x0, 0x8, 0x1, 0xa0, 0x1f, 0x31, 0x4,
    0x80, 0x1c, 0x0, 0xe0, 0xf, 0x0, 0x8, 0x7,
    0xd0, 0x2, 0xe0, 0x7, 0x0, 0x38, 0x3, 0xc0,
    0x2, 0x1, 0xe7, 0x10, 0x80, 0x8, 0xc0, 0x4,
    0x0, 0x20, 0x6, 0x80, 0x7a, 0x40, 0x98, 0x3,
    0x20, 0xb, 0xaa, 0x80, 0x8, 0x1, 0xd0, 0x21,
    0x0, 0x1d, 0x0, 0x8, 0xa0, 0x4, 0x8, 0x6,
    0x17, 0x3, 0x50, 0xe, 0x3c, 0x40, 0x1, 0x4b,
    0x80,

    /* U+0026 "&" */
    0x0, 0xc3, 0x19, 0xfe, 0xeb, 0x40, 0xf, 0xf1,
    0x7b, 0x98, 0x0, 0x52, 0xe4, 0x3, 0xfb, 0x84,
    0x0, 0x26, 0x1, 0x32, 0x80, 0x7c, 0x46, 0x0,
    0x3e, 0xce, 0x20, 0x7, 0x0, 0x7c, 0x20, 0x12,
    0x80, 0x5, 0x40, 0xc, 0x1, 0xf1, 0x80, 0x4e,
    0x20, 0x5, 0x0, 0x38, 0x7, 0xe7, 0x0, 0xe,
    0x96, 0x10, 0x2, 0x40, 0x3f, 0x41, 0x0, 0xf,
    0x4c, 0x1, 0x46, 0x1, 0xfc, 0xa0, 0x1c, 0x58,
    0xa0, 0x1f, 0x8b, 0x1c, 0x3, 0x90, 0xc0, 0x3f,
    0x1e, 0x18, 0x1, 0x0, 0x26, 0x60, 0x14, 0x20,
    0x80, 0x5a, 0x20, 0x9, 0xba, 0x0, 0xa4, 0xe9,
    0xef, 0x88, 0x18, 0x40, 0xc, 0xc0, 0x57, 0x0,
    0xb5, 0x80, 0x4, 0x40, 0xc0, 0xb, 0x40, 0x28,
    0x40, 0x0, 0x88, 0x1, 0x40, 0x1, 0x0, 0xfd,
    0x42, 0x1, 0x85, 0xc0, 0x4, 0x1, 0x68, 0x6,
    0x17, 0x0, 0xe4, 0x0, 0x68, 0x4, 0xd4, 0x86,
    0xda, 0xc0, 0x18, 0x6e, 0x1, 0x14, 0x2, 0x5b,
    0xc9, 0x20, 0xf, 0x9d, 0xc1, 0x4a, 0x1, 0xfd,
    0x5a, 0x40, 0x3, 0x70, 0x5, 0x63, 0x10, 0x0,
    0x4e, 0x39, 0x4b, 0x18, 0x74, 0x3, 0x1c, 0xef,
    0xfb, 0xb1, 0xc4, 0x0, 0x33, 0xc2, 0x0,

    /* U+0027 "'" */
    0xbf, 0xf9, 0xc0, 0x3f, 0xf8, 0x42, 0x60, 0x11,
    0x68, 0x4, 0xae, 0x0, 0x11, 0x16, 0x64, 0x0,

    /* U+0028 "(" */
    0x0, 0xd1, 0xfe, 0x30, 0x8, 0x9c, 0xc, 0xc0,
    0x14, 0x80, 0x24, 0x2, 0x34, 0x1, 0x50, 0xa,
    0x0, 0xe, 0x1, 0x12, 0x0, 0x34, 0x2, 0x50,
    0x9, 0x0, 0x2b, 0x0, 0x20, 0x6, 0x30, 0x1,
    0x0, 0x46, 0x1, 0x78, 0x4, 0xa0, 0x11, 0x0,
    0x42, 0x1, 0x38, 0x5, 0xe0, 0x10, 0x80, 0x7f,
    0xde, 0x1, 0x8, 0x4, 0x40, 0x13, 0x80, 0x4c,
    0x1, 0x10, 0x4, 0x60, 0x17, 0x0, 0x64, 0x0,
    0x18, 0x6, 0xd0, 0x2, 0x0, 0x67, 0x0, 0x8c,
    0x2, 0x15, 0x0, 0x58, 0x6, 0x90, 0x2, 0x80,
    0x63, 0x40, 0x24, 0x0, 0xd2, 0x0, 0xf0, 0xc,
    0x4e, 0x8, 0x40,

    /* U+0029 ")" */
    0xd, 0xfd, 0x0, 0xeb, 0x2, 0x70, 0xc, 0xc0,
    0x8, 0x10, 0xc, 0xc0, 0x8, 0x0, 0xda, 0x0,
    0x60, 0xc, 0x82, 0x0, 0x70, 0xc, 0x80, 0xa,
    0x0, 0xd8, 0x0, 0x22, 0x0, 0x4a, 0x1, 0x20,
    0x4, 0x40, 0x17, 0x80, 0x42, 0x1, 0x10, 0x6,
    0x10, 0x3, 0x0, 0x63, 0x0, 0xff, 0xe1, 0x98,
    0x1, 0x80, 0x30, 0x80, 0x4, 0x2, 0x10, 0xb,
    0x40, 0x25, 0x0, 0x8c, 0x2, 0x30, 0x9, 0x0,
    0x2d, 0x0, 0x18, 0x6, 0x40, 0x5, 0x0, 0x46,
    0x20, 0x6, 0x0, 0xac, 0x0, 0xc0, 0x19, 0x80,
    0x10, 0x1, 0x28, 0x83, 0x88, 0x5, 0x0, 0x50,
    0x1, 0x0,

    /* U+002A "*" */
    0x0, 0xdd, 0xee, 0x1, 0xf8, 0xc0, 0x40, 0x3a,
    0xd4, 0x4, 0x8, 0x15, 0xc1, 0x11, 0x5a, 0x0,
    0xde, 0xa9, 0x1, 0x30, 0x23, 0x6, 0x10, 0x32,
    0x5c, 0xe6, 0x0, 0xaf, 0xb4, 0x80, 0xa, 0xc0,
    0x41, 0xe2, 0x1, 0x1d, 0x82, 0xf8, 0x25, 0x0,
    0x61, 0xb, 0x27, 0x0, 0xe3, 0xfa, 0x10, 0x8b,
    0xa0, 0x0,

    /* U+002B "+" */
    0x0, 0xe1, 0x22, 0x80, 0x3f, 0xe8, 0xdd, 0x60,
    0x7, 0xff, 0xdb, 0x7f, 0xf3, 0x0, 0x7, 0xff,
    0x88, 0x3, 0xff, 0xa4, 0xab, 0xc4, 0x1, 0x2a,
    0xf1, 0xc5, 0x56, 0x40, 0x0, 0xd5, 0x70, 0x80,
    0x7f, 0xfc, 0x0,

    /* U+002C "," */
    0x1e, 0xea, 0x80, 0x46, 0x60, 0xc, 0xe0, 0x1c,
    0x3f, 0x60, 0x20, 0xd, 0xd, 0x18, 0x61, 0x63,
    0x71, 0xd1, 0x2b, 0xe3, 0x0,

    /* U+002D "-" */
    0x5e, 0xef, 0x84, 0xc4, 0x7e, 0x30, 0xf, 0xfe,
    0x30,

    /* U+002E "." */
    0xde, 0xe6, 0x10, 0x8c, 0x1, 0xf8,

    /* U+002F "/" */
    0x0, 0xe3, 0xff, 0x50, 0x7, 0x20, 0x3, 0x0,
    0x3b, 0x0, 0x8, 0x1, 0xc8, 0x2, 0x40, 0x18,
    0xc0, 0x8, 0x1, 0xc8, 0x0, 0xc0, 0xe, 0xc0,
    0x2, 0x0, 0x72, 0x80, 0x90, 0x6, 0x31, 0x4,
    0x0, 0xe4, 0x0, 0x60, 0x7, 0x60, 0x1, 0x0,
    0x39, 0x40, 0x48, 0x3, 0x10, 0x82, 0x0, 0x72,
    0x0, 0x30, 0x3, 0xb0, 0x0, 0x80, 0x1c, 0x80,
    0x24, 0x1, 0x88, 0x41, 0x0, 0x39, 0x0, 0x18,
    0x1, 0xd8, 0x0, 0x40, 0xe, 0x40, 0x12, 0x0,
    0xc0,

    /* U+0030 "0" */
    0x0, 0x8a, 0x7b, 0xfa, 0xd4, 0x3, 0xcb, 0xac,
    0x20, 0x29, 0x54, 0x0, 0xc5, 0x40, 0x1f, 0x2c,
    0x0, 0x52, 0x1, 0x2d, 0xc0, 0x4, 0xe2, 0x2,
    0x80, 0x2, 0xa4, 0x77, 0x0, 0x4c, 0xe, 0x1,
    0x28, 0x5, 0x40, 0x16, 0x7, 0x0, 0x5a, 0x1,
    0x10, 0x4, 0xa0, 0x60, 0x10, 0x80, 0x61, 0x0,
    0x8, 0x38, 0x4, 0xe0, 0x18, 0xc0, 0x21, 0x0,
    0xff, 0xe0, 0x98, 0x7, 0xff, 0x3c, 0xdc, 0x2,
    0x70, 0xc, 0x60, 0x10, 0x90, 0x4, 0x20, 0x18,
    0x40, 0x2, 0x1e, 0x1, 0x68, 0x4, 0x40, 0x12,
    0x82, 0x0, 0x4a, 0x1, 0x50, 0x5, 0x80, 0x46,
    0x0, 0x2a, 0x46, 0x70, 0x9, 0x80, 0x1e, 0x1,
    0x2d, 0xc8, 0x4, 0xe2, 0x0, 0x3a, 0x0, 0xf9,
    0x60, 0x3, 0x2e, 0xb1, 0x0, 0xa5, 0x50, 0x2,

    /* U+0031 "1" */
    0x0, 0xe5, 0xff, 0x80, 0x3d, 0x0, 0x1f, 0xac,
    0x80, 0x3c, 0x58, 0x80, 0x1c, 0x31, 0xa6, 0x1,
    0xed, 0x70, 0xf, 0xf8, 0xb0, 0x80, 0x3c, 0xfa,
    0x60, 0x1d, 0x1f, 0x0, 0x1f, 0x20, 0x7, 0xff,
    0xfc, 0x3, 0xff, 0xac,

    /* U+0032 "2" */
    0x0, 0xc9, 0x5d, 0xfe, 0xd8, 0x20, 0xf, 0x5d,
    0x94, 0x40, 0x4, 0xfa, 0xa0, 0x1a, 0xd0, 0x3,
    0xf5, 0x18, 0x0, 0xd0, 0x2, 0x7b, 0xa2, 0x0,
    0xbc, 0x1, 0x40, 0x14, 0x41, 0x17, 0x0, 0x23,
    0x0, 0x10, 0x4, 0xa0, 0x10, 0xa0, 0x4, 0x41,
    0x7f, 0xb6, 0x40, 0x19, 0xc0, 0x23, 0x0, 0x89,
    0x0, 0x31, 0x18, 0x0, 0x84, 0x3, 0xfa, 0x40,
    0x2a, 0x0, 0xfe, 0xa4, 0x0, 0x13, 0x80, 0x7e,
    0xa5, 0x0, 0xb8, 0x3, 0xf5, 0xa8, 0x5, 0x46,
    0x1, 0xf5, 0xa0, 0x5, 0x4a, 0x1, 0xf5, 0xa0,
    0x5, 0x6a, 0x1, 0xf5, 0x20, 0x5, 0x88, 0x1,
    0xf3, 0xa8, 0x5, 0x86, 0x1, 0xf1, 0x40, 0x4,
    0x55, 0x33, 0xe1, 0xb, 0x0, 0xc4, 0xcd, 0xf1,
    0x83, 0x0, 0x7f, 0xf0, 0x48, 0x3, 0xff, 0x84,

    /* U+0033 "3" */
    0x0, 0x96, 0xfb, 0xfa, 0xd4, 0x3, 0x87, 0x29,
    0x4, 0x5, 0x2b, 0x4, 0x2, 0xa3, 0x0, 0xf8,
    0xe8, 0x0, 0x68, 0x0, 0x19, 0xc8, 0x0, 0x91,
    0x1, 0x60, 0x16, 0xb1, 0xbb, 0x80, 0x22, 0x8,
    0xec, 0xa3, 0x0, 0xf8, 0xc0, 0x2, 0x6a, 0x1,
    0x2b, 0x80, 0x5, 0x40, 0x3d, 0x3f, 0x40, 0x1,
    0xc0, 0xf, 0x94, 0x2, 0x1c, 0x20, 0xf, 0x88,
    0x2, 0x1d, 0x80, 0xf, 0xb3, 0xf4, 0xc0, 0xe,
    0xe0, 0xf, 0x10, 0x16, 0x88, 0x2, 0x0, 0x3f,
    0x85, 0x0, 0x24, 0x0, 0x9, 0x80, 0x71, 0x80,
    0x43, 0x9f, 0xd8, 0x1, 0xc4, 0x1, 0xb, 0x0,
    0x4c, 0x1, 0x1a, 0x0, 0x49, 0xc0, 0x14, 0xc2,
    0x36, 0x80, 0x4c, 0x8, 0xa0, 0x13, 0xdc, 0x88,
    0x0, 0xa0, 0x1, 0x4a, 0x1, 0xf1, 0x60, 0x80,
    0x55, 0x6a, 0x20, 0x29, 0x3a, 0x20, 0x0,

    /* U+0034 "4" */
    0x0, 0xfc, 0x5f, 0xf3, 0x80, 0x7f, 0xb8, 0x3,
    0xff, 0x83, 0x6, 0x1, 0xff, 0xc0, 0x37, 0x0,
    0xff, 0xe0, 0xf0, 0x7, 0xff, 0x6, 0x48, 0x3,
    0xff, 0x80, 0x8c, 0x0, 0x70, 0xf, 0xe1, 0xa0,
    0x3, 0x60, 0x7, 0xf5, 0x88, 0x14, 0x80, 0x7f,
    0x2a, 0x80, 0x1c, 0x1, 0xfc, 0x36, 0x0, 0x73,
    0x0, 0xfe, 0xa1, 0x2, 0x80, 0xf, 0xe5, 0x40,
    0x2, 0x33, 0x5a, 0x1, 0x6b, 0x30, 0x80, 0x26,
    0x99, 0x98, 0x2, 0x59, 0x90, 0x7, 0xff, 0x49,
    0xff, 0xfe, 0xb0, 0xa, 0x3f, 0xc0, 0x1f, 0xfe,
    0x10,

    /* U+0035 "5" */
    0x0, 0x37, 0xff, 0xf6, 0x80, 0x5e, 0x1, 0xff,
    0xc1, 0x40, 0xf, 0xfe, 0x9, 0x0, 0x9, 0x57,
    0xe0, 0x1, 0x80, 0x57, 0x55, 0xe8, 0x0, 0x28,
    0x4, 0xa0, 0x1f, 0xde, 0x1, 0x56, 0xff, 0x51,
    0x80, 0x65, 0x0, 0x98, 0x80, 0x57, 0x1c, 0x2,
    0x30, 0xf, 0xe8, 0x60, 0x20, 0x8, 0x67, 0x71,
    0x0, 0x29, 0x2, 0xc9, 0x7f, 0x62, 0x3b, 0x30,
    0x9, 0x80, 0xda, 0x4, 0x3, 0x50, 0x5, 0xe0,
    0x1f, 0xc4, 0x1, 0x10, 0x7, 0xff, 0x4, 0x5e,
    0xf7, 0x8c, 0x3, 0x10, 0x4, 0x5e, 0x84, 0x34,
    0x1, 0xa8, 0x2, 0xba, 0x0, 0x9a, 0x4c, 0xd6,
    0x60, 0x3, 0x31, 0x38, 0x4, 0xd9, 0x84, 0x0,
    0xb8, 0x1, 0xc, 0x1, 0xf0, 0xe1, 0x0, 0x53,
    0x8a, 0x20, 0x3, 0x8f, 0x30, 0x0,

    /* U+0036 "6" */
    0x0, 0xcb, 0x7d, 0xfd, 0x6a, 0x1, 0xc3, 0x74,
    0x82, 0x2, 0x95, 0x40, 0xd, 0xa8, 0x1, 0xf2,
    0xb8, 0x1, 0xcc, 0x0, 0x55, 0x8e, 0x1, 0x48,
    0x2, 0x40, 0x3, 0x8a, 0x70, 0xc6, 0xae, 0x28,
    0x20, 0x6, 0x10, 0xa, 0x72, 0xa4, 0x4c, 0x2,
    0xd3, 0xad, 0xc8, 0x10, 0xb, 0x40, 0x2f, 0xc5,
    0x23, 0x7e, 0x40, 0x0, 0x80, 0x4a, 0x1, 0xeb,
    0x30, 0x70, 0xc, 0x9b, 0xce, 0x1, 0x78, 0x7,
    0xd, 0x90, 0xc2, 0x80, 0xc, 0xce, 0x1, 0x20,
    0x6, 0xf0, 0x9, 0x4, 0x2, 0x20, 0xc, 0xc0,
    0x17, 0x90, 0x4, 0x20, 0x1f, 0xda, 0x1, 0x28,
    0x6, 0x60, 0xb, 0xd4, 0x2, 0x34, 0x0, 0xbc,
    0x2, 0x40, 0x60, 0xa, 0x99, 0x29, 0x40, 0x6,
    0x60, 0x81, 0x0, 0xc, 0xda, 0x80, 0x5e, 0x0,
    0x1c, 0x20, 0xf, 0xa8, 0xc0, 0x22, 0xd8, 0x30,
    0x1, 0x37, 0x28, 0x0,

    /* U+0037 "7" */
    0xdf, 0xff, 0xfe, 0x2, 0x80, 0x7f, 0xf4, 0x29,
    0x9b, 0xe4, 0x0, 0x91, 0x5e, 0x67, 0xe0, 0x8,
    0xac, 0x3, 0xf3, 0x20, 0x3, 0x80, 0x3f, 0xc,
    0x80, 0x18, 0xc0, 0x3f, 0x40, 0x5, 0x0, 0x1f,
    0x89, 0x80, 0xe, 0x20, 0x1f, 0xac, 0x2, 0x90,
    0xf, 0xc2, 0xc0, 0x6, 0x10, 0xf, 0xce, 0x1,
    0x50, 0x7, 0xf5, 0x0, 0x4, 0xc0, 0x3f, 0x9,
    0x80, 0x1c, 0x3, 0xf9, 0x0, 0x2c, 0x0, 0xfe,
    0xc0, 0x9, 0xc0, 0x3f, 0x94, 0x0, 0x24, 0x1,
    0xfc, 0x40, 0x2, 0x0, 0xff, 0x8, 0x1, 0xc0,
    0x3f, 0x84, 0x2, 0x10, 0xf, 0x80,

    /* U+0038 "8" */
    0x0, 0x9a, 0xfb, 0xfd, 0x90, 0x20, 0x1d, 0x92,
    0x82, 0x0, 0x37, 0xe4, 0x0, 0xa8, 0xc0, 0x3f,
    0x58, 0x80, 0xa8, 0x0, 0x6b, 0x71, 0x0, 0x26,
    0x5, 0x0, 0xa1, 0x48, 0xe8, 0x2, 0xd0, 0xf,
    0xe1, 0x0, 0x88, 0x14, 0x2, 0xb3, 0x2, 0xa0,
    0xa, 0x80, 0x58, 0x0, 0x59, 0xfa, 0xa0, 0x9,
    0x20, 0x4, 0xb8, 0x7, 0xd4, 0xc0, 0x1b, 0x44,
    0x3, 0xd5, 0x0, 0x13, 0xd0, 0x84, 0xed, 0x98,
    0x1, 0xd8, 0xe, 0x0, 0x12, 0xc4, 0x9a, 0x20,
    0x8, 0xa, 0x0, 0x98, 0x2, 0x17, 0x0, 0x9,
    0x28, 0x7, 0xe1, 0x0, 0x98, 0x40, 0x21, 0x0,
    0xc4, 0x1, 0x3b, 0x80, 0x26, 0x0, 0x85, 0x0,
    0x23, 0xf0, 0xa, 0x20, 0x69, 0xa2, 0x0, 0x50,
    0x53, 0x0, 0x9f, 0x2c, 0xc0, 0x28, 0x0, 0x62,
    0x0, 0x7c, 0x36, 0x40, 0x15, 0xd9, 0x44, 0x0,
    0x4f, 0xe8, 0x0,

    /* U+0039 "9" */
    0x0, 0xcd, 0x9d, 0xfb, 0x24, 0x1, 0xe1, 0xc9,
    0x31, 0x2, 0x6d, 0x70, 0xe, 0xc3, 0x0, 0xfa,
    0x18, 0x2, 0x72, 0x0, 0x15, 0x5a, 0x0, 0x52,
    0x20, 0xa, 0x0, 0xb1, 0x52, 0xd0, 0x2, 0x60,
    0x1, 0x0, 0xc, 0x40, 0x28, 0x0, 0xac, 0x4,
    0x2, 0x60, 0xc, 0x40, 0x11, 0x80, 0x80, 0x4c,
    0x1, 0x8c, 0x3, 0x10, 0x10, 0x0, 0xc4, 0x2,
    0x40, 0xc, 0x21, 0x40, 0x16, 0x90, 0x2c, 0x0,
    0x67, 0x7, 0x20, 0x1, 0xef, 0xd0, 0x80, 0x67,
    0x0, 0x61, 0x80, 0x71, 0x10, 0x3, 0xc3, 0x92,
    0x84, 0x71, 0xa0, 0x18, 0x80, 0x33, 0x5e, 0xe3,
    0x81, 0x0, 0x42, 0x0, 0x24, 0x60, 0xc, 0x60,
    0x12, 0x0, 0x27, 0x6e, 0x50, 0x2, 0x90, 0xb,
    0x40, 0x18, 0x1, 0x52, 0x9d, 0x28, 0x0, 0x58,
    0x0, 0xa4, 0x0, 0x1a, 0xc5, 0x0, 0xa8, 0x3,
    0x78, 0x80, 0x7d, 0x48, 0x1, 0x8b, 0xdc, 0x80,
    0x4, 0xfc, 0xa0, 0x10,

    /* U+003A ":" */
    0x4f, 0xfa, 0x40, 0x3f, 0xce, 0x23, 0x8f, 0xba,
    0x80, 0xf, 0xfe, 0x91, 0xf7, 0x50, 0xe2, 0x38,
    0x3, 0xfc,

    /* U+003B ";" */
    0x5f, 0xf9, 0xc0, 0x3f, 0xe1, 0x1c, 0xbd, 0xd3,
    0x0, 0x7f, 0xf4, 0x97, 0xba, 0x60, 0x11, 0xc0,
    0x1f, 0xe5, 0xf6, 0x1, 0x0, 0x20, 0x21, 0x59,
    0x21, 0x22, 0xe, 0x81, 0xab, 0x4, 0x0,

    /* U+003C "<" */
    0x0, 0xff, 0xe0, 0xb, 0x80, 0x7f, 0xc5, 0x3d,
    0x0, 0x1f, 0xc9, 0x7a, 0xc0, 0x1f, 0xcd, 0xb6,
    0x80, 0x1f, 0x86, 0x3a, 0x48, 0x3, 0x14, 0x0,
    0xe, 0xb9, 0xc4, 0x3, 0x36, 0x6b, 0x84, 0xe2,
    0x80, 0x63, 0x9f, 0x93, 0x0, 0x88, 0x2, 0x17,
    0xdc, 0x60, 0xf, 0xf0, 0x90, 0x80, 0x7e, 0x20,
    0xc, 0xb9, 0xae, 0x20, 0x1d, 0x3a, 0xa0, 0x18,
    0xa3, 0xa8, 0xc0, 0x31, 0x57, 0x38, 0x80, 0x65,
    0xcd, 0x60, 0xc, 0x31, 0xd2, 0x40, 0x18, 0xa4,
    0x3, 0xe6, 0xdb, 0x40, 0xf, 0xfe, 0xa, 0x5e,
    0xb0, 0x7, 0xff, 0x4, 0xa7, 0xe0, 0x0,

    /* U+003D "=" */
    0xdf, 0xff, 0xfe, 0x9, 0x0, 0x7f, 0xf4, 0xa9,
    0x9b, 0xff, 0x82, 0x6f, 0x33, 0xff, 0xc1, 0x10,
    0xf, 0xfe, 0x1e, 0xff, 0xff, 0xf0, 0x48, 0x3,
    0xff, 0xa5, 0x4c, 0xdf, 0xfc, 0x13,

    /* U+003E ">" */
    0x52, 0x0, 0xff, 0xe0, 0xf6, 0xda, 0x0, 0x7f,
    0xf0, 0x52, 0xf5, 0x80, 0x3f, 0xf8, 0x25, 0x3d,
    0x2, 0x1, 0xef, 0x40, 0xc, 0x2f, 0xd4, 0x60,
    0x19, 0x2f, 0xa0, 0x80, 0x32, 0xe6, 0x14, 0x3,
    0xb, 0xed, 0xa8, 0x6, 0x3a, 0xe0, 0xf, 0x25,
    0x74, 0x10, 0x4, 0x20, 0x1f, 0xfc, 0x94, 0xae,
    0x82, 0x0, 0x84, 0x2, 0x17, 0xdb, 0x50, 0xc,
    0x75, 0xc0, 0x75, 0xd0, 0x40, 0x19, 0x73, 0xa,
    0x0, 0x85, 0x0, 0xc2, 0xfd, 0x46, 0x1, 0xf8,
    0xa7, 0xa0, 0x40, 0x3f, 0x25, 0xeb, 0x0, 0x7f,
    0x6e, 0xad, 0x0, 0x3f, 0xe0,

    /* U+003F "?" */
    0x0, 0xcf, 0x7d, 0xfe, 0xd9, 0x20, 0xe, 0x4e,
    0x84, 0x10, 0x1, 0x36, 0xc0, 0x4, 0x76, 0x20,
    0x1f, 0x9e, 0x40, 0x1c, 0x1, 0x26, 0x7f, 0x50,
    0x80, 0x19, 0x10, 0x40, 0x4, 0xb3, 0x1, 0x5a,
    0x0, 0xb8, 0x80, 0x2f, 0x0, 0xe4, 0x0, 0x99,
    0x9f, 0xd8, 0x80, 0x1c, 0x40, 0x13, 0x80, 0x4,
    0xc0, 0x38, 0x78, 0x2, 0xe0, 0xf, 0xc5, 0x86,
    0x0, 0x45, 0x0, 0xf9, 0x34, 0x80, 0x7, 0x60,
    0x1f, 0x1d, 0x80, 0x4b, 0x80, 0x1f, 0xbc, 0x2,
    0x7a, 0x0, 0xfc, 0x26, 0x0, 0x58, 0x0, 0xfe,
    0x20, 0xb, 0xc0, 0x3f, 0xe2, 0x29, 0x80, 0x3f,
    0xc7, 0xbb, 0x18, 0x7, 0xf8, 0xfb, 0xa8, 0x0,
    0xff, 0x84, 0x62, 0x0, 0xff, 0xeb, 0x80,

    /* U+0040 "@" */
    0x0, 0xfe, 0x27, 0xad, 0xef, 0xf7, 0x64, 0x20,
    0x7, 0xff, 0xd, 0x2f, 0x61, 0x48, 0x40, 0x2,
    0x6f, 0x7a, 0xc0, 0x1f, 0xf0, 0xd5, 0xa0, 0x0,
    0x51, 0x9d, 0x94, 0x80, 0x5, 0x36, 0x20, 0x1f,
    0x87, 0x14, 0x0, 0xfb, 0xd7, 0x31, 0x35, 0xbd,
    0x2, 0x9, 0x82, 0x1, 0xe1, 0xc2, 0x4, 0xe8,
    0x20, 0xf, 0x85, 0xfd, 0x0, 0xac, 0x3, 0xd6,
    0x40, 0xd6, 0x20, 0x95, 0xdf, 0xb0, 0x19, 0xfe,
    0xcb, 0x40, 0x54, 0x0, 0xc8, 0xa0, 0x92, 0x0,
    0x9b, 0x51, 0x2, 0x7b, 0x30, 0x3, 0x85, 0x8,
    0x40, 0x6, 0x80, 0x5, 0x0, 0x25, 0x80, 0x6,
    0xea, 0x8, 0x1, 0x60, 0xb, 0x1, 0x88, 0x0,
    0xcc, 0xe, 0x20, 0xac, 0x0, 0x7c, 0x8a, 0x90,
    0xc, 0xa0, 0xb, 0x0, 0x28, 0x2, 0x80, 0x12,
    0x0, 0xb0, 0x2, 0x40, 0x4, 0xc2, 0x1, 0x18,
    0x0, 0xc0, 0x4, 0x0, 0x40, 0x31, 0x5, 0x10,
    0x4, 0x0, 0x71, 0x0, 0x8, 0x3, 0xc2, 0x0,
    0x20, 0x40, 0x7, 0x80, 0x4, 0xc0, 0x38, 0x40,
    0x8, 0x1, 0x10, 0x0, 0x40, 0x40, 0x1c, 0x0,
    0x40, 0x2, 0x0, 0x78, 0x80, 0x1e, 0x1, 0x20,
    0x1, 0x40, 0xc0, 0x6, 0x0, 0x10, 0x1, 0x80,
    0x71, 0x80, 0x4a, 0x1, 0x50, 0x9, 0x81, 0x80,
    0x7f, 0xf0, 0xa8, 0x2, 0x30, 0x2, 0x98, 0x30,
    0x0, 0x40, 0x4, 0x0, 0x10, 0x1, 0x0, 0x62,
    0x60, 0x1, 0x0, 0xe, 0xc0, 0x64, 0x2, 0x20,
    0xc0, 0x2, 0x0, 0x10, 0xc0, 0x3, 0xc0, 0x13,
    0x2, 0xe0, 0x85, 0x88, 0x4, 0x80, 0x82, 0x12,
    0x1, 0x65, 0x4f, 0x98, 0x4, 0x9d, 0x40, 0x9,
    0x50, 0xd, 0xa0, 0x9, 0x3, 0x90, 0x9, 0x58,
    0x4c, 0x3, 0x8, 0xd, 0xb0, 0x7, 0x21, 0x3,
    0x90, 0x36, 0x20, 0x81, 0x46, 0x50, 0x80, 0xa4,
    0xf2, 0x1, 0xa2, 0x0, 0x29, 0x0, 0x79, 0x1,
    0xdf, 0x7e, 0xb8, 0x2f, 0x7f, 0x5b, 0x0, 0x1f,
    0x2e, 0x0, 0x24, 0x60, 0x2c, 0x50, 0xf, 0xfe,
    0x8, 0xcc, 0x0, 0xf0, 0x6, 0x95, 0x1, 0xac,
    0x61, 0x0, 0xfc, 0x71, 0xcc, 0x0, 0xa2, 0x0,
    0xea, 0x80, 0x1, 0xcf, 0x6d, 0xcc, 0xd5, 0x7d,
    0x8e, 0x0, 0x2d, 0x40, 0xf, 0x9f, 0x98, 0x40,
    0x4, 0x8c, 0xd2, 0xa0, 0x80, 0xa, 0x74, 0x80,
    0x3f, 0x86, 0x7a, 0xdd, 0x8, 0x40, 0x2, 0x48,
    0xf9, 0xac, 0x1, 0xc0,

    /* U+0041 "A" */
    0x0, 0xf9, 0xbf, 0xf2, 0x0, 0x7f, 0xf0, 0xe8,
    0x3, 0x78, 0x7, 0xff, 0x8, 0x8c, 0x3, 0x20,
    0x80, 0x7f, 0xf0, 0x68, 0x3, 0xcc, 0x1, 0xff,
    0xc1, 0x60, 0xf, 0x48, 0x7, 0xff, 0x1, 0x44,
    0x0, 0xc6, 0x0, 0x14, 0x0, 0xff, 0xb8, 0x2,
    0xaa, 0x0, 0x5e, 0x1, 0xfe, 0x24, 0x0, 0x11,
    0xb0, 0x4, 0x82, 0x1, 0xfd, 0x40, 0x15, 0x0,
    0x14, 0x2, 0x60, 0xf, 0xe6, 0x0, 0x98, 0x1,
    0xc0, 0x14, 0x80, 0x7e, 0x41, 0x0, 0x20, 0x80,
    0x10, 0x40, 0x2, 0x80, 0x1f, 0x70, 0x5, 0xc0,
    0x19, 0x80, 0x2f, 0x0, 0xf0, 0xa8, 0x5, 0x5f,
    0xf9, 0xc0, 0x24, 0x10, 0xe, 0x60, 0xf, 0xfe,
    0x14, 0x80, 0x75, 0x0, 0x7f, 0xf0, 0x98, 0x3,
    0x19, 0x0, 0x6, 0x67, 0xf0, 0x4, 0x28, 0x1,
    0x48, 0x4, 0xcd, 0xfc, 0xa0, 0x17, 0x80, 0x4a,
    0x1, 0x58, 0x7, 0xee, 0x0, 0x90, 0x41, 0x80,
    0x22, 0x30, 0xf, 0xc8, 0x40, 0x14, 0x85, 0x0,
    0x54, 0x1, 0xfe, 0xa0, 0x9, 0x80,

    /* U+0042 "B" */
    0xff, 0xff, 0x76, 0x40, 0x80, 0x7f, 0xf0, 0x44,
    0xdf, 0x90, 0x3, 0xff, 0x89, 0x62, 0x1, 0xd3,
    0x55, 0x4c, 0x98, 0x3, 0x48, 0x7, 0x3a, 0xac,
    0xcc, 0x99, 0x0, 0x48, 0x1, 0xff, 0xc0, 0x70,
    0xf, 0xfe, 0x22, 0x80, 0x4a, 0x1, 0xff, 0x25,
    0x0, 0x56, 0x1, 0xdd, 0xff, 0xd6, 0x20, 0xa,
    0x20, 0xf, 0xfe, 0x13, 0xa8, 0x7, 0xff, 0xd,
    0xf4, 0x80, 0x3a, 0x67, 0xa1, 0x84, 0x0, 0x58,
    0x1, 0xce, 0xcd, 0x9e, 0x78, 0x80, 0x2, 0xe0,
    0x1f, 0xfc, 0xb, 0x0, 0xb0, 0x3, 0xff, 0x88,
    0xe0, 0x1f, 0xfc, 0xa, 0x0, 0x98, 0x3, 0x33,
    0x7a, 0x34, 0xc0, 0x2f, 0x0, 0xd1, 0x33, 0xce,
    0x40, 0x11, 0xa8, 0x7, 0xff, 0x8, 0xb4, 0x3,
    0xff, 0x80, 0x29, 0x3a, 0x20,

    /* U+0043 "C" */
    0x0, 0xe2, 0x7c, 0xef, 0xf6, 0xca, 0x0, 0x7e,
    0x9d, 0x83, 0x10, 0x1, 0x35, 0xd8, 0x40, 0x30,
    0xe3, 0x0, 0x7f, 0x27, 0x88, 0x5, 0x46, 0x1,
    0x13, 0x3a, 0x88, 0x4, 0x3a, 0x0, 0x64, 0x0,
    0xa3, 0x66, 0x2b, 0x94, 0x2, 0x34, 0xb, 0x0,
    0x9d, 0xc0, 0x1d, 0x46, 0x1, 0x61, 0x10, 0x2,
    0x90, 0xf, 0xa2, 0x17, 0xf0, 0x80, 0x12, 0x8,
    0x7, 0xc8, 0xe8, 0x0, 0xe0, 0x8, 0x80, 0x3f,
    0xf8, 0x24, 0x1, 0x8, 0x7, 0xff, 0x4c, 0xc0,
    0x21, 0x0, 0xff, 0xe0, 0xf0, 0x4, 0xa0, 0x1f,
    0x89, 0x84, 0x0, 0x80, 0x11, 0x88, 0x7, 0xcb,
    0x3d, 0x6a, 0x62, 0x1, 0x48, 0x7, 0xd2, 0x0,
    0x42, 0x9, 0x0, 0x9d, 0xc0, 0x18, 0x6c, 0x40,
    0x26, 0x7, 0x30, 0xa, 0x36, 0x62, 0xb9, 0x0,
    0x27, 0x10, 0x6, 0x90, 0x4, 0x4c, 0xea, 0x1,
    0x92, 0x0, 0x21, 0xd5, 0x0, 0xfe, 0x6b, 0x0,
    0xf5, 0x6b, 0x98, 0x80, 0x9b, 0xec, 0x80, 0x40,

    /* U+0044 "D" */
    0xff, 0xfe, 0xec, 0x81, 0x0, 0xff, 0xe0, 0x89,
    0xbf, 0x30, 0x7, 0xff, 0x12, 0x5c, 0x3, 0xd1,
    0x32, 0x87, 0x40, 0xd, 0x6, 0x1, 0xcc, 0xd3,
    0xc5, 0xe8, 0x80, 0x50, 0x1, 0xff, 0x16, 0x80,
    0x48, 0x40, 0x1f, 0xf1, 0x98, 0x2, 0x40, 0xf,
    0xfe, 0x2, 0x0, 0x58, 0x1, 0xff, 0xc0, 0xe0,
    0x8, 0x40, 0x3f, 0xf8, 0x8e, 0x1, 0xff, 0xd5,
    0x70, 0xf, 0xfe, 0x7, 0x0, 0x42, 0x1, 0xff,
    0xc0, 0x30, 0xb, 0x40, 0x3f, 0xe2, 0x40, 0x9,
    0x40, 0x3f, 0xc3, 0xc0, 0x12, 0x10, 0x6, 0x66,
    0xcf, 0x3e, 0x60, 0x14, 0x0, 0x74, 0x4c, 0xd0,
    0xc2, 0x1, 0x41, 0x80, 0x7f, 0xf0, 0xa5, 0xc0,
    0x3f, 0xe1, 0x48, 0xe6, 0x0, 0x80,

    /* U+0045 "E" */
    0xff, 0xff, 0xe1, 0x70, 0x7, 0xff, 0x66, 0x26,
    0x7f, 0xa0, 0x3, 0x99, 0xbf, 0xe0, 0xf, 0xfe,
    0xcb, 0x37, 0xf8, 0x3, 0xd1, 0x33, 0xfc, 0x40,
    0x1f, 0xfd, 0x9e, 0xff, 0xfe, 0x20, 0xf, 0xff,
    0xcb, 0x37, 0xfc, 0x20, 0x1a, 0x26, 0x7f, 0xca,
    0x1, 0xff, 0xd4,

    /* U+0046 "F" */
    0xff, 0xff, 0xe0, 0xe8, 0x7, 0xff, 0x52, 0x26,
    0x7f, 0x40, 0x6, 0x66, 0xfe, 0x50, 0xf, 0xff,
    0x17, 0x7f, 0xfc, 0xe0, 0x1f, 0xfd, 0x58, 0x99,
    0xf9, 0x0, 0x39, 0x9b, 0xf1, 0x80, 0x7f, 0xff,
    0xc0, 0x3f, 0xf9, 0x80,

    /* U+0047 "G" */
    0x0, 0xe1, 0x6b, 0xde, 0xfe, 0xda, 0x50, 0xf,
    0xe7, 0xe9, 0x42, 0x10, 0x12, 0x5a, 0xd3, 0x0,
    0xf5, 0x40, 0x7, 0xf8, 0xb0, 0xc0, 0x34, 0xa8,
    0x6, 0x47, 0x72, 0x88, 0x6, 0xd0, 0x9, 0x18,
    0x2, 0x4e, 0xb8, 0x85, 0x73, 0x80, 0x42, 0xe0,
    0x8, 0x0, 0x92, 0xc4, 0x3, 0xa1, 0x40, 0x3,
    0xe0, 0x46, 0x1, 0x48, 0x7, 0xeb, 0xcf, 0xe8,
    0x4, 0x0, 0x8c, 0x80, 0x3f, 0x9, 0x80, 0x6f,
    0x0, 0x94, 0x3, 0xff, 0x86, 0x60, 0x10, 0x80,
    0x75, 0x7f, 0xfe, 0x10, 0xf, 0xfe, 0x41, 0x0,
    0x44, 0x1, 0xff, 0xc3, 0xd0, 0x9, 0xc0, 0x3b,
    0xa6, 0x70, 0x7, 0x20, 0x4, 0x46, 0x1, 0x91,
    0x9b, 0x0, 0x70, 0xa0, 0x5, 0xc0, 0x1f, 0xfc,
    0x38, 0x0, 0x8b, 0x8, 0x3, 0x93, 0x0, 0x3c,
    0x6c, 0x1, 0x1e, 0xe4, 0x42, 0xba, 0xcc, 0x3,
    0xe9, 0x50, 0xc, 0x6e, 0xe5, 0x10, 0xe, 0xa1,
    0x0, 0xaa, 0x44, 0x3, 0xfc, 0xdc, 0xa0, 0x1c,
    0xdd, 0x4a, 0x40, 0x1, 0x36, 0xaf, 0x91, 0x0,
    0x0,

    /* U+0048 "H" */
    0xff, 0xc2, 0x1, 0xf7, 0xfe, 0x10, 0xf, 0xff,
    0xf8, 0x7, 0xff, 0x4d, 0x9b, 0xf0, 0x7, 0xf4,
    0x4c, 0xfc, 0x1, 0xff, 0xdf, 0xef, 0xff, 0x80,
    0x3f, 0xff, 0xe0, 0x1f, 0xff, 0x60,

    /* U+0049 "I" */
    0x1f, 0xfc, 0x1, 0xff, 0xff, 0x0, 0xff, 0xe4,
    0x0,

    /* U+004A "J" */
    0x0, 0xfe, 0xbf, 0xf9, 0x0, 0x3f, 0xff, 0xe0,
    0x1f, 0xff, 0xf0, 0xf, 0xfe, 0x32, 0x4d, 0xea,
    0x80, 0x67, 0x0, 0xc6, 0xc8, 0x44, 0x0, 0xc4,
    0x1, 0x39, 0x80, 0x54, 0x1, 0x18, 0x80, 0x46,
    0x80, 0x11, 0x6c, 0x4e, 0x0, 0x48, 0x0, 0x70,
    0x8, 0x9d, 0x80, 0x34, 0x80, 0x21, 0x40, 0x3f,
    0x59, 0x0, 0x55, 0x44, 0x10, 0x1, 0x3f, 0x20,
    0x0,

    /* U+004B "K" */
    0xef, 0xf8, 0x80, 0x3c, 0x7f, 0xfc, 0x80, 0x1f,
    0xf1, 0x68, 0x6, 0xa4, 0x0, 0xff, 0xe, 0x8,
    0x5, 0x4a, 0x1, 0xfe, 0x1c, 0x10, 0xa, 0x94,
    0x3, 0xfe, 0xd2, 0x0, 0xa5, 0x40, 0x3f, 0xeb,
    0x30, 0xa, 0x58, 0x3, 0xfe, 0xa4, 0x0, 0xa1,
    0x80, 0x3f, 0xe9, 0x50, 0x9, 0xdc, 0x1, 0xff,
    0x43, 0x0, 0x62, 0x0, 0xff, 0xe0, 0x28, 0x7,
    0x2a, 0x80, 0x3f, 0xf8, 0x42, 0x1, 0x58, 0x80,
    0x7f, 0xf0, 0x1f, 0xc0, 0x21, 0x80, 0xf, 0xf9,
    0xa0, 0x60, 0x2, 0x64, 0x0, 0xfe, 0x69, 0x0,
    0x39, 0x0, 0x54, 0x1, 0xfd, 0x60, 0x1a, 0x40,
    0x21, 0x90, 0xf, 0xfe, 0xa, 0x20, 0x2, 0x63,
    0x0, 0xff, 0xe0, 0xc8, 0x6, 0xe0, 0xf, 0xfe,
    0x9, 0x38, 0x4, 0x50, 0x1, 0xff, 0xc1, 0x81,
    0x0, 0x9c, 0xc0, 0x3f, 0xf8, 0x36, 0x1, 0xb8,
    0x0,

    /* U+004C "L" */
    0xdf, 0xf8, 0xc0, 0x3f, 0xff, 0xe0, 0x1f, 0xff,
    0xf0, 0xf, 0xff, 0xf8, 0x7, 0xff, 0xa, 0xd9,
    0xbf, 0x84, 0x3, 0x3c, 0xcf, 0xf2, 0x80, 0x7f,
    0xf4, 0x80,

    /* U+004D "M" */
    0xf, 0xff, 0x10, 0x7, 0xb7, 0xff, 0x94, 0x3,
    0xe5, 0x0, 0xe2, 0x20, 0x7, 0xff, 0x7, 0x0,
    0x39, 0x0, 0x3f, 0xf8, 0x48, 0x1, 0xd8, 0x1,
    0xff, 0x8, 0x4, 0x60, 0x19, 0x0, 0x2, 0x1,
    0xf8, 0x84, 0x1, 0x60, 0x11, 0x8, 0x1, 0x0,
    0x3f, 0x94, 0x0, 0x80, 0x12, 0x80, 0x5a, 0x1,
    0xfd, 0x80, 0x3, 0x0, 0xb0, 0x0, 0x62, 0x1,
    0xfc, 0xa0, 0x12, 0x0, 0x10, 0x0, 0x80, 0x1f,
    0xe2, 0x10, 0x6, 0x81, 0x80, 0x58, 0x1, 0xff,
    0x20, 0x1, 0x2, 0xc0, 0x24, 0x0, 0xff, 0xb0,
    0x0, 0x42, 0x80, 0x3, 0x0, 0xff, 0xe0, 0x20,
    0x4, 0xe6, 0x0, 0xb0, 0xf, 0xfe, 0x1, 0x8,
    0x2, 0x0, 0x24, 0x0, 0xff, 0xe0, 0xa0, 0x0,
    0x40, 0x23, 0x0, 0xff, 0xe0, 0xe0, 0x7, 0x20,
    0x7, 0xff, 0x9, 0x0, 0x3b, 0x0, 0x3f, 0xf8,
    0x44, 0x20, 0x19, 0x0, 0x3f, 0xf8, 0x68, 0x1,
    0x8c, 0x3, 0xff, 0x87, 0x80, 0x12, 0x0, 0x7e,

    /* U+004E "N" */
    0xef, 0xf9, 0x40, 0x3e, 0xcf, 0xf8, 0x3, 0x58,
    0x7, 0xff, 0xc, 0x60, 0x3, 0xff, 0x86, 0xe4,
    0x1, 0xff, 0xc3, 0xe0, 0xf, 0xfe, 0x19, 0xb0,
    0x7, 0xff, 0xe, 0x4, 0x3, 0xfc, 0x46, 0x0,
    0x18, 0x0, 0xff, 0xbc, 0x2, 0x63, 0x0, 0xff,
    0x1b, 0x0, 0x5c, 0x1, 0xff, 0x48, 0x80, 0x9,
    0xc0, 0x3f, 0xeb, 0x0, 0xa0, 0x40, 0x3f, 0xca,
    0x80, 0x15, 0x0, 0x7f, 0xd2, 0x1, 0x21, 0x80,
    0x7f, 0x8a, 0x0, 0x3f, 0xf8, 0x6e, 0x40, 0x1f,
    0xfc, 0x39, 0x0, 0xff, 0xe1, 0xa2, 0x80, 0x7f,
    0xf0, 0xec, 0x40, 0x3f, 0xf8, 0x43, 0x0, 0x18,

    /* U+004F "O" */
    0x0, 0xe2, 0x7c, 0xef, 0xf6, 0xdb, 0x88, 0x7,
    0xe1, 0xad, 0x83, 0x10, 0x1, 0x24, 0x74, 0x0,
    0x78, 0x71, 0x40, 0x3f, 0xcf, 0x60, 0x1d, 0xa4,
    0x1, 0x95, 0xdc, 0x80, 0x19, 0x28, 0x2, 0x73,
    0x0, 0x9b, 0xaa, 0x21, 0x7c, 0x80, 0x12, 0xa8,
    0x1, 0x0, 0x12, 0xc8, 0x80, 0x61, 0xb4, 0x0,
    0xa0, 0x10, 0x3, 0x58, 0x7, 0xe9, 0x0, 0x88,
    0x98, 0x1, 0x20, 0x80, 0x7e, 0x22, 0x0, 0x48,
    0x40, 0x16, 0x0, 0x7f, 0x9c, 0x2, 0xe1, 0x0,
    0x84, 0x3, 0xfc, 0x40, 0x10, 0xb8, 0x7, 0xff,
    0x8, 0x40, 0x33, 0x0, 0x5c, 0x1, 0xfe, 0x30,
    0x8, 0x48, 0x2, 0x30, 0xf, 0xf3, 0x80, 0x5d,
    0xa0, 0x12, 0x8, 0x7, 0xe3, 0x20, 0x9, 0x14,
    0x3, 0x50, 0x7, 0xef, 0x0, 0x88, 0x80, 0xe0,
    0x12, 0x50, 0x80, 0x61, 0xc3, 0x0, 0xa0, 0x1,
    0x6, 0x1, 0x2f, 0x5c, 0x42, 0xf8, 0xc0, 0x24,
    0x50, 0xb, 0x48, 0x3, 0x23, 0xb9, 0x0, 0x31,
    0xd8, 0x6, 0x1d, 0x60, 0xf, 0xf3, 0xe0, 0x7,
    0xd3, 0xb0, 0x82, 0x0, 0x14, 0x8e, 0x80, 0xc,

    /* U+0050 "P" */
    0xff, 0xfe, 0xed, 0xa3, 0x0, 0xff, 0xe0, 0x9,
    0x2e, 0x38, 0x7, 0xff, 0xe, 0x14, 0x3, 0xa2,
    0x65, 0xe, 0x80, 0x1a, 0xc0, 0x39, 0x9a, 0x78,
    0xb9, 0x0, 0x84, 0xc0, 0x3f, 0xcc, 0x20, 0x13,
    0x0, 0x7f, 0xc6, 0x1, 0xff, 0xc2, 0x22, 0x0,
    0x42, 0x1, 0xf8, 0x57, 0x0, 0x32, 0x0, 0x6e,
    0xff, 0xba, 0x84, 0x2, 0x70, 0xf, 0xfe, 0x12,
    0x40, 0x7, 0xff, 0x0, 0x62, 0xc0, 0x3d, 0x11,
    0x4c, 0xab, 0x39, 0xc0, 0x3e, 0x67, 0x73, 0x31,
    0x4c, 0x3, 0xff, 0xfe, 0x1, 0xff, 0xce,

    /* U+0051 "Q" */
    0x0, 0xe2, 0x7b, 0xef, 0xf7, 0x5b, 0x88, 0x7,
    0xfa, 0x76, 0x10, 0x40, 0x2, 0x91, 0xd0, 0x1,
    0xf0, 0xeb, 0x0, 0x7f, 0x9f, 0x4, 0x3, 0xb0,
    0x80, 0x32, 0xbb, 0x90, 0x3, 0x1d, 0x0, 0x68,
    0x20, 0x9, 0xba, 0xa2, 0x17, 0xc8, 0x1, 0x23,
    0x0, 0x4c, 0x1, 0x2c, 0x88, 0x6, 0x1b, 0x30,
    0xa, 0xc0, 0x8, 0x20, 0x15, 0x80, 0x7e, 0xf0,
    0x8, 0x88, 0x18, 0x1, 0x20, 0x80, 0x7e, 0x32,
    0x0, 0x90, 0x8, 0x2, 0xc0, 0xf, 0xf3, 0x80,
    0x5c, 0x2, 0x1, 0x8, 0x7, 0xf8, 0xc0, 0x21,
    0x0, 0xff, 0xe5, 0x8, 0x4, 0x20, 0x1f, 0xe3,
    0x0, 0x84, 0x8, 0x2, 0xc0, 0xf, 0xf3, 0x80,
    0x5c, 0x18, 0x1, 0x20, 0x80, 0x45, 0xac, 0x0,
    0x22, 0x0, 0x48, 0x8, 0x1, 0xa0, 0x2, 0x92,
    0x9d, 0x39, 0x0, 0x88, 0x80, 0x7, 0x0, 0x9a,
    0x0, 0x1c, 0x60, 0x58, 0x80, 0x14, 0x0, 0x50,
    0x40, 0x13, 0xf4, 0x1d, 0x88, 0x7, 0x2a, 0x80,
    0x37, 0x90, 0x4, 0x2f, 0x30, 0x20, 0x1e, 0x10,
    0xc, 0x5a, 0xa0, 0x1f, 0xfc, 0x5, 0xe9, 0x10,
    0xd, 0x5b, 0x8, 0x20, 0x2, 0x49, 0xb2, 0x0,
    0x98, 0x3, 0xc4, 0xf7, 0xdf, 0xed, 0xb6, 0x4d,
    0x70, 0x3, 0x88, 0x7, 0xff, 0x12, 0x39, 0xe4,
    0x0,

    /* U+0052 "R" */
    0xff, 0xff, 0x76, 0xd2, 0x80, 0x7f, 0xf0, 0xc4,
    0x96, 0xac, 0x3, 0xff, 0x8c, 0x92, 0x1, 0xf4,
    0x4c, 0xe8, 0x61, 0x0, 0x98, 0x40, 0x3c, 0xcd,
    0xcf, 0x38, 0x1, 0x90, 0x3, 0xff, 0x82, 0x46,
    0x1, 0x18, 0x7, 0xff, 0x8, 0x80, 0x23, 0x0,
    0xff, 0x84, 0xe8, 0x40, 0x24, 0x0, 0xf7, 0x7f,
    0xee, 0xc5, 0x0, 0xa0, 0x40, 0x3f, 0xf8, 0x90,
    0xe0, 0x1f, 0xfc, 0x23, 0x8e, 0x70, 0xf, 0xd7,
    0x6a, 0x30, 0x8, 0x8c, 0x40, 0x3f, 0x95, 0x17,
    0x10, 0x0, 0x36, 0x80, 0x1f, 0xfc, 0x1a, 0x10,
    0xa, 0xc8, 0x3, 0xff, 0x80, 0x34, 0x1, 0xa4,
    0x3, 0xff, 0x82, 0x8a, 0x1, 0x22, 0x80, 0x7f,
    0xf0, 0x6c, 0x40, 0x2b, 0x10, 0xf, 0xfe, 0x0,
    0xd8, 0x4, 0x30, 0x1, 0xff, 0xc1, 0x54, 0x0,
    0x98, 0xc0, 0x3f, 0xf8, 0x32, 0x1, 0xbc, 0x0,

    /* U+0053 "S" */
    0x0, 0x85, 0xef, 0xbf, 0xdd, 0x90, 0x40, 0x1e,
    0x5f, 0x84, 0x10, 0x0, 0x9b, 0xeb, 0x80, 0x64,
    0xa1, 0x0, 0xfe, 0x87, 0x0, 0xa4, 0x2, 0x16,
    0x99, 0x30, 0x80, 0x50, 0x40, 0x44, 0x0, 0x17,
    0x4b, 0x32, 0x7c, 0x40, 0x25, 0x1, 0x0, 0x9c,
    0x3, 0x86, 0x40, 0x2d, 0x2, 0x0, 0x95, 0x80,
    0x39, 0xff, 0xea, 0x1, 0x40, 0xa, 0x7a, 0x98,
    0x80, 0x3f, 0x48, 0x80, 0x42, 0xb3, 0xbd, 0x28,
    0x1, 0xc5, 0x86, 0x1, 0xe1, 0x6b, 0xc2, 0x0,
    0xc5, 0x96, 0xc2, 0x1, 0xe3, 0xc2, 0x0, 0xe4,
    0x9e, 0xd9, 0x50, 0xc, 0x32, 0x1, 0xf8, 0x9a,
    0xbd, 0xc0, 0x24, 0x1b, 0xdf, 0xf1, 0x0, 0x7a,
    0x8, 0x2, 0x27, 0x20, 0x5, 0x0, 0x7c, 0x60,
    0x1a, 0xc0, 0x27, 0x50, 0xe, 0x81, 0x0, 0x89,
    0x84, 0x2, 0xac, 0x87, 0x9d, 0x70, 0x9, 0x44,
    0x56, 0x1, 0x8d, 0xe1, 0x88, 0x2, 0x18, 0x0,
    0x2d, 0x8, 0x7, 0xf1, 0xe1, 0x0, 0x4b, 0xd2,
    0x82, 0x0, 0x12, 0x6a, 0xc2, 0x0, 0x0,

    /* U+0054 "T" */
    0x6f, 0xff, 0xfe, 0x1c, 0x0, 0x7f, 0xf5, 0x92,
    0x67, 0x94, 0x2, 0x39, 0x9e, 0xb2, 0x66, 0xed,
    0x0, 0x95, 0x9b, 0x8c, 0x3, 0xff, 0xfe, 0x1,
    0xff, 0xff, 0x0, 0xff, 0xff, 0x80, 0x7f, 0xf4,
    0x80,

    /* U+0055 "U" */
    0xff, 0xc2, 0x1, 0xf7, 0xfe, 0x0, 0xff, 0xff,
    0x80, 0x7f, 0xff, 0xc0, 0x3f, 0xf9, 0xc2, 0x1,
    0xfe, 0x10, 0xc, 0x60, 0x11, 0x80, 0x78, 0xc0,
    0x21, 0x10, 0x4, 0xa0, 0x1e, 0x40, 0x8, 0x94,
    0x2, 0x83, 0x0, 0xc5, 0x0, 0x12, 0xd0, 0x6,
    0xcc, 0x4c, 0x56, 0x88, 0x5, 0xa6, 0xe0, 0x18,
    0xd9, 0xd4, 0x3, 0x2a, 0x4, 0x38, 0x7, 0xf9,
    0xa8, 0x2, 0x8d, 0x73, 0x10, 0x0, 0x9b, 0x64,
    0x80, 0x0,

    /* U+0056 "V" */
    0xd, 0xff, 0xa0, 0x3, 0xfb, 0x3f, 0xe7, 0xa,
    0x0, 0x98, 0x3, 0xf1, 0x18, 0x4, 0xc0, 0xa0,
    0x10, 0x98, 0x7, 0xca, 0x1, 0x18, 0x81, 0x18,
    0x5, 0x40, 0x1f, 0x58, 0x5, 0x40, 0x15, 0x0,
    0x4e, 0x1, 0xe2, 0x30, 0x9, 0xc0, 0x27, 0x0,
    0x85, 0x0, 0x39, 0x40, 0x25, 0x10, 0x8, 0x50,
    0x2, 0xd0, 0xe, 0xb0, 0xb, 0xc0, 0x3b, 0x80,
    0x27, 0x0, 0xc4, 0x60, 0x1, 0x50, 0xe, 0x50,
    0x8, 0x50, 0x2, 0x50, 0x9, 0xc0, 0x3e, 0x60,
    0xb, 0x80, 0x2b, 0x0, 0xa8, 0x3, 0xed, 0x0,
    0x94, 0x0, 0x46, 0x0, 0x13, 0x0, 0xf9, 0x4,
    0x2, 0x50, 0x50, 0x9, 0x80, 0x3f, 0x98, 0x2,
    0xf0, 0xb0, 0xa, 0x80, 0x3f, 0xa8, 0x2, 0x52,
    0x30, 0x1, 0x90, 0x7, 0xf1, 0x10, 0x2, 0xe0,
    0xa, 0xc0, 0x3f, 0xea, 0x0, 0x8c, 0x2, 0x60,
    0xf, 0xf9, 0x80, 0x3c, 0x82, 0x1, 0xff, 0xa,
    0x0, 0x77, 0x0, 0x7f, 0xf0, 0x74, 0x3, 0x94,
    0x3, 0xff, 0x82, 0xc0, 0x19, 0x40, 0x3e,

    /* U+0057 "W" */
    0xcf, 0xf9, 0x40, 0x38, 0xff, 0xf6, 0x80, 0x7b,
    0x3f, 0xe4, 0x40, 0x5, 0x80, 0x1c, 0x80, 0x18,
    0x84, 0x3, 0x8c, 0x2, 0x4c, 0x0, 0x94, 0x3,
    0xb0, 0x3, 0x90, 0x3, 0x18, 0x4, 0x60, 0xa0,
    0x11, 0x80, 0x72, 0x0, 0x76, 0x0, 0x64, 0x0,
    0x90, 0x4, 0x80, 0x23, 0x0, 0x90, 0x3, 0xc8,
    0x1, 0xb4, 0x2, 0xc0, 0x2, 0x0, 0x48, 0x1,
    0x60, 0x4, 0x60, 0x2, 0x10, 0x9, 0x0, 0x25,
    0x0, 0x60, 0x5, 0xa0, 0x12, 0x0, 0xa, 0x40,
    0x24, 0x0, 0x8, 0x80, 0x4, 0x20, 0x4, 0x0,
    0x90, 0x0, 0x26, 0x0, 0x44, 0x0, 0x58, 0x0,
    0x40, 0x9, 0x0, 0x21, 0x10, 0x0, 0x44, 0x8,
    0x1, 0x60, 0x90, 0x1, 0x0, 0x1a, 0x1, 0x60,
    0x6, 0x40, 0x9, 0x3, 0x0, 0x24, 0x4, 0x0,
    0x10, 0x82, 0x0, 0x48, 0x1, 0xb0, 0x2, 0xd0,
    0x40, 0x1, 0x88, 0x68, 0x4, 0xe0, 0x60, 0x2,
    0x10, 0xc, 0x80, 0x12, 0x11, 0x0, 0x8, 0x0,
    0x40, 0xb, 0xc, 0x2, 0x40, 0xe, 0x21, 0x0,
    0x1a, 0x0, 0x58, 0x1, 0x18, 0x1, 0x14, 0x2,
    0xc0, 0xf, 0x20, 0x5, 0x60, 0x12, 0x0, 0x48,
    0x0, 0x1a, 0x0, 0x90, 0x3, 0xda, 0x1, 0x10,
    0x1, 0x0, 0x35, 0x80, 0x46, 0x0, 0x21, 0x0,
    0xf2, 0x0, 0x7b, 0x0, 0x31, 0x80, 0x79, 0xc0,
    0x3e, 0x30, 0xf, 0x20, 0x7, 0x20, 0x7, 0x60,
    0x7, 0xe4, 0x0, 0xc2, 0x60, 0x1d, 0xa0, 0x1c,
    0x80, 0x1f, 0xb0, 0x3, 0x20, 0x7, 0x90, 0x3,
    0x9, 0x0, 0x7e, 0x40, 0xd, 0x80, 0x1e, 0x21,
    0x0, 0x90, 0x3, 0x80,

    /* U+0058 "X" */
    0x1e, 0xff, 0xa8, 0x3, 0xc3, 0xdf, 0xf5, 0x80,
    0xc0, 0x4, 0xaa, 0x0, 0xe8, 0x10, 0xa, 0x80,
    0xc, 0x80, 0x15, 0x80, 0x63, 0x60, 0xa, 0x44,
    0x2, 0x90, 0x8, 0x64, 0x2, 0xf0, 0x8, 0xd8,
    0x3, 0x14, 0x0, 0x4c, 0x60, 0xc6, 0x1, 0x70,
    0x7, 0x9c, 0xc0, 0x2f, 0x19, 0x0, 0xa0, 0x80,
    0x3e, 0xe0, 0x8, 0xfc, 0x2, 0x27, 0x0, 0xfc,
    0x50, 0x1, 0x8, 0x5, 0xc0, 0x1f, 0xe7, 0x20,
    0xe, 0x63, 0x0, 0xff, 0xa0, 0x3, 0xc, 0x80,
    0x7f, 0xf0, 0x24, 0x3, 0xa, 0x0, 0x7f, 0xcc,
    0x60, 0x1d, 0x42, 0x1, 0xfc, 0x52, 0x1, 0xe1,
    0xb0, 0xf, 0xe9, 0x0, 0xce, 0x1, 0x2a, 0x0,
    0x7c, 0xc8, 0x1, 0x4c, 0x18, 0x5, 0x42, 0x1,
    0xc3, 0x20, 0x12, 0x30, 0x70, 0x4, 0x36, 0x1,
    0xd4, 0x1, 0xa4, 0x0, 0x50, 0x1, 0x2a, 0x0,
    0x4a, 0x80, 0x14, 0x10, 0x4, 0xe4, 0x1, 0x50,
    0x80, 0xd8, 0x4, 0x6e, 0x1, 0xdc, 0x1, 0xd,
    0x85, 0x88, 0x5, 0xe0, 0x1e, 0x36, 0x0, 0x95,
    0x0,

    /* U+0059 "Y" */
    0xb, 0xff, 0xb8, 0x40, 0x3e, 0x3f, 0xfc, 0xc1,
    0x20, 0x10, 0xc0, 0x7, 0xdc, 0x1, 0x23, 0x1,
    0x40, 0x4, 0xc6, 0x1, 0xcc, 0x40, 0x14, 0x80,
    0x4e, 0x60, 0x17, 0x80, 0x61, 0x80, 0xa, 0x8,
    0x3, 0x78, 0x4, 0x6c, 0x1, 0x40, 0x80, 0x9,
    0xc0, 0x38, 0xdc, 0x2, 0x81, 0x2, 0x60, 0xb,
    0x80, 0x3e, 0x81, 0x0, 0xc, 0x7, 0x0, 0x4c,
    0x60, 0x1f, 0xa8, 0x2, 0x68, 0x30, 0x0, 0xc8,
    0x7, 0xf2, 0x28, 0x4, 0xe0, 0x15, 0x0, 0x7f,
    0xd6, 0x20, 0x1c, 0xa8, 0x1, 0xff, 0xc, 0x0,
    0x61, 0xb0, 0xf, 0xfe, 0xb, 0x18, 0x5, 0x22,
    0x1, 0xff, 0xc2, 0x70, 0x8, 0x80, 0x3f, 0xff,
    0xe0, 0x1f, 0xff, 0xc0,

    /* U+005A "Z" */
    0x8, 0xff, 0xff, 0xe1, 0x10, 0x7, 0xff, 0x5e,
    0xe6, 0x7f, 0x28, 0x6, 0x22, 0x1, 0xb3, 0x7c,
    0x88, 0x0, 0x87, 0xc0, 0x3f, 0xde, 0x20, 0x15,
    0x10, 0x7, 0xf5, 0x10, 0x5, 0x28, 0x1, 0xfd,
    0xa, 0x1, 0x33, 0x0, 0x3f, 0x95, 0xc0, 0x23,
    0x90, 0xf, 0xe2, 0xa0, 0x8, 0x74, 0x3, 0xf8,
    0x7c, 0x3, 0x68, 0x80, 0x7f, 0x51, 0x0, 0x54,
    0x60, 0x1f, 0xd2, 0x80, 0x13, 0xa8, 0x7, 0xf3,
    0x30, 0x2, 0x48, 0x0, 0xfe, 0x39, 0x0, 0x8a,
    0xc0, 0x3f, 0x87, 0x40, 0x21, 0xf0, 0xf, 0xf5,
    0x88, 0x4, 0x88, 0x66, 0xfe, 0x31, 0x0, 0xcb,
    0x33, 0xfe, 0xa0, 0xf, 0xfe, 0xb0,

    /* U+005B "[" */
    0xff, 0xf6, 0x80, 0x7f, 0xf1, 0x57, 0xfd, 0xa0,
    0x1f, 0xff, 0xf0, 0xf, 0xff, 0x8a, 0xff, 0xb4,
    0x3, 0xff, 0x84,

    /* U+005C "\\" */
    0xe, 0xfe, 0x0, 0xf2, 0x0, 0x90, 0x7, 0x60,
    0x1, 0x0, 0x39, 0x0, 0x18, 0x1, 0xc4, 0x20,
    0x80, 0x1e, 0x40, 0x12, 0x0, 0xec, 0x0, 0x20,
    0x7, 0x20, 0x3, 0x0, 0x38, 0x84, 0x10, 0x3,
    0xca, 0x2, 0x40, 0x1d, 0x80, 0x4, 0x0, 0xe4,
    0x0, 0x60, 0x7, 0x18, 0x82, 0x0, 0x79, 0x40,
    0x48, 0x3, 0xb0, 0x0, 0x80, 0x1c, 0x80, 0xc,
    0x0, 0xe3, 0x0, 0x20, 0x7, 0x90, 0x4, 0x80,
    0x3b, 0x0, 0x8, 0x1, 0xc8, 0x0, 0xc0,

    /* U+005D "]" */
    0x7f, 0xff, 0x28, 0x7, 0xff, 0x11, 0xff, 0xd4,
    0x1, 0xff, 0xff, 0x0, 0xff, 0xff, 0x80, 0x79,
    0xff, 0xd4, 0x1, 0xff, 0xc8,

    /* U+005E "^" */
    0x0, 0xe8, 0xff, 0x80, 0x3f, 0xcc, 0x1, 0x38,
    0x7, 0xe7, 0x10, 0xa, 0x40, 0x3f, 0x48, 0x6,
    0x15, 0x0, 0xf3, 0x8, 0x0, 0xc0, 0x12, 0x1,
    0xeb, 0x0, 0x2c, 0x80, 0xd, 0x0, 0x32, 0x90,
    0x3, 0x94, 0x40, 0x1e, 0x1, 0xa4, 0x0, 0x48,
    0xc, 0x0, 0x42, 0x0, 0x21, 0x80, 0x28, 0x1,
    0x40, 0x14, 0x0, 0x3c, 0x2, 0x60, 0x1, 0x20,
    0x1, 0x44, 0xd0, 0x0, 0xa2, 0x1, 0x70, 0x5,
    0x20,

    /* U+005F "_" */
    0x28, 0x8f, 0xfe, 0x1a, 0xb3, 0xbf, 0xff, 0xf,
    0x80, 0x3f, 0xf8, 0xa0,

    /* U+0060 "`" */
    0x2, 0x28, 0x40, 0x2e, 0xdd, 0x71, 0x0, 0x34,
    0x80, 0x16, 0x0, 0x1f, 0x10, 0x61, 0x0, 0x16,
    0x8, 0x48,

    /* U+0061 "a" */
    0x0, 0xc, 0x67, 0x7f, 0xba, 0xd4, 0x3, 0x1f,
    0xb9, 0x88, 0x0, 0x52, 0xac, 0x2, 0xe1, 0x0,
    0xfc, 0x8c, 0xc, 0x40, 0x5, 0xef, 0xe6, 0x0,
    0xb0, 0x1e, 0x9d, 0x68, 0x40, 0x64, 0x2, 0x60,
    0x15, 0x8a, 0x0, 0x8d, 0xc0, 0x3f, 0x24, 0x67,
    0xe4, 0x0, 0x79, 0x7a, 0xdc, 0xc0, 0x2, 0x1,
    0xc9, 0x42, 0x0, 0x59, 0xde, 0x0, 0xe8, 0x0,
    0xb2, 0x98, 0x80, 0x3c, 0x60, 0x1, 0x30, 0x8,
    0xc0, 0x38, 0x40, 0x2, 0xa0, 0x2, 0xe0, 0xe,
    0x40, 0xa, 0xb7, 0x62, 0x0, 0x84, 0x2c, 0x40,
    0x22, 0x20, 0x9, 0x80, 0x8, 0x45, 0xee, 0x40,
    0x2, 0x7f, 0x90, 0x9, 0xc0,

    /* U+0062 "b" */
    0x2f, 0xfa, 0xc0, 0x3f, 0xff, 0xe0, 0x1e, 0x6c,
    0xff, 0x63, 0x0, 0x7f, 0x5c, 0x98, 0x0, 0xe7,
    0x4, 0x3, 0xc8, 0x80, 0xf, 0x1d, 0x0, 0x7c,
    0x35, 0xfe, 0x80, 0x9, 0x10, 0x1, 0xea, 0x50,
    0x3, 0xb8, 0x2, 0xe0, 0xe, 0x24, 0x0, 0xd4,
    0x1, 0x38, 0x7, 0x30, 0x7, 0x10, 0x4, 0x40,
    0x1c, 0x20, 0x1e, 0x10, 0xf, 0xc2, 0x1, 0xe1,
    0x0, 0xfc, 0xa0, 0x1c, 0x40, 0x11, 0x0, 0x70,
    0xb8, 0x6, 0xb0, 0x9, 0x0, 0x3d, 0x10, 0x22,
    0x43, 0x0, 0x54, 0x1, 0xc2, 0xf, 0xba, 0x70,
    0x9, 0x8c, 0x3, 0xa5, 0x0, 0x3c, 0x92, 0x1,
    0xe1, 0xba, 0x30, 0x1, 0xd5, 0x80, 0x40,

    /* U+0063 "c" */
    0x0, 0x86, 0x37, 0xfd, 0xd6, 0xa0, 0x1c, 0xdc,
    0xe4, 0x0, 0x14, 0xac, 0x10, 0x2, 0xc8, 0x7,
    0xe3, 0xa0, 0x5, 0x80, 0x4b, 0x9d, 0x42, 0x0,
    0x44, 0x30, 0x80, 0x16, 0x8c, 0x56, 0x0, 0x6,
    0x38, 0x1, 0x70, 0x6, 0x6d, 0xfc, 0x56, 0x0,
    0x98, 0x3, 0x88, 0x2, 0x10, 0x8, 0xc0, 0x3f,
    0x84, 0x2, 0x30, 0xf, 0xe6, 0x0, 0x9c, 0x3,
    0xb2, 0x5c, 0xf0, 0x2, 0x90, 0xc, 0xc6, 0xd1,
    0x2c, 0x20, 0x3, 0xb4, 0x37, 0x90, 0xb, 0x82,
    0xc0, 0x24, 0xbc, 0x80, 0x9, 0x10, 0xb, 0x20,
    0x1f, 0x92, 0xc0, 0x26, 0xd7, 0x20, 0x0, 0xa5,
    0x58, 0x0,

    /* U+0064 "d" */
    0x0, 0xff, 0x47, 0xfc, 0xa0, 0x1f, 0xff, 0x35,
    0xbe, 0xfd, 0x70, 0xf, 0xd5, 0x44, 0x10, 0x28,
    0xd1, 0x0, 0xe8, 0x50, 0xf, 0x13, 0x0, 0x61,
    0x70, 0x9, 0xbb, 0xf0, 0x80, 0x39, 0x80, 0x24,
    0x91, 0x3, 0xf0, 0xe, 0xd0, 0xb, 0xc0, 0x31,
    0x20, 0x6, 0x60, 0x9, 0x40, 0x38, 0x80, 0x30,
    0x80, 0x7f, 0x8, 0x6, 0x10, 0x8, 0xc0, 0x38,
    0x40, 0x33, 0x0, 0x4e, 0x1, 0xca, 0x1, 0xb0,
    0x2, 0x90, 0xc, 0x66, 0x0, 0xce, 0x1, 0x1d,
    0x18, 0xae, 0x80, 0x70, 0xc8, 0x4, 0xb9, 0xd4,
    0x22, 0x0, 0xe6, 0x70, 0xf, 0x15, 0x80, 0x7a,
    0x2d, 0x4, 0xe, 0x35, 0x80, 0x30,

    /* U+0065 "e" */
    0x0, 0xc9, 0x5d, 0xfd, 0x8c, 0x1, 0xf4, 0xda,
    0x88, 0x9, 0xce, 0x90, 0x6, 0x96, 0x0, 0xf8,
    0xb0, 0x40, 0x6, 0xc0, 0x1, 0xbf, 0xe6, 0x0,
    0xc, 0x0, 0x24, 0x2, 0xa4, 0x1, 0x93, 0x0,
    0x38, 0x1, 0x0, 0x24, 0x0, 0xd6, 0x0, 0x13,
    0x1, 0x0, 0xbf, 0xfa, 0x0, 0x26, 0x10, 0xf,
    0xfe, 0x9, 0x88, 0x4, 0x33, 0x3f, 0xc8, 0x2,
    0x0, 0x16, 0x6f, 0xe2, 0x4, 0x0, 0x98, 0x3,
    0x66, 0xd4, 0x8, 0x70, 0x5, 0x2a, 0x0, 0x73,
    0x25, 0x50, 0x82, 0x28, 0x5, 0x5f, 0xe8, 0x0,
    0xa4, 0x2, 0xa5, 0x0, 0xfd, 0x28, 0x1, 0xaa,
    0xd4, 0x40, 0x4, 0xda, 0xc0, 0x0,

    /* U+0066 "f" */
    0x0, 0x86, 0x77, 0xfd, 0xb4, 0x1, 0xf, 0xb1,
    0x0, 0x9, 0x40, 0x24, 0x10, 0xe, 0x30, 0x8,
    0x80, 0x27, 0xff, 0x68, 0x5, 0xe0, 0x16, 0x0,
    0x4, 0x2b, 0xdc, 0x2, 0xbf, 0xf1, 0x0, 0x7f,
    0xf2, 0xeb, 0xdc, 0x2, 0xaf, 0xf1, 0x0, 0x7c,
    0x20, 0x1f, 0xff, 0xf0, 0xf, 0xfe, 0xd8,

    /* U+0067 "g" */
    0x0, 0x92, 0xfb, 0xf5, 0xc1, 0x3f, 0xe5, 0x0,
    0x4d, 0xa0, 0x81, 0x46, 0x90, 0x7, 0x3b, 0x0,
    0x78, 0xa4, 0x3, 0xc, 0x0, 0x4d, 0xdf, 0x64,
    0x1, 0xce, 0x1, 0x24, 0x88, 0x27, 0x80, 0x76,
    0x0, 0x5c, 0x1, 0x89, 0x0, 0x33, 0x0, 0x4e,
    0x1, 0xc6, 0x1, 0x84, 0x2, 0x30, 0xe, 0xf0,
    0xc, 0x20, 0x11, 0x80, 0x77, 0x80, 0x66, 0x0,
    0x9c, 0x3, 0x90, 0x3, 0x60, 0x5, 0x20, 0x19,
    0xc, 0x3, 0x38, 0x4, 0x76, 0x84, 0xf6, 0x1,
    0xc3, 0x0, 0x12, 0x5e, 0xc0, 0x7, 0xce, 0xc0,
    0x1e, 0x57, 0x0, 0x84, 0x1, 0x34, 0x82, 0x7,
    0x34, 0x1, 0xf9, 0x6f, 0xbf, 0x18, 0x3, 0x9d,
    0x7b, 0x2a, 0x0, 0x38, 0xc0, 0x22, 0x61, 0x35,
    0x78, 0x0, 0xb, 0xa0, 0x0, 0x84, 0xcc, 0x1,
    0x3f, 0xfb, 0xa0, 0x2, 0x80, 0x7, 0x10, 0x7,
    0xf3, 0xa8, 0x0, 0xb6, 0x50, 0x40, 0x22, 0x6c,
    0x80, 0x0,

    /* U+0068 "h" */
    0xff, 0xb4, 0x3, 0xff, 0xf6, 0x75, 0xdf, 0xb0,
    0x20, 0x1e, 0x7c, 0x51, 0x2, 0x7f, 0x10, 0xc,
    0x50, 0x1, 0xe1, 0xb0, 0xf, 0x57, 0xfa, 0x0,
    0x25, 0x0, 0xe9, 0x50, 0x3, 0x90, 0x4, 0x40,
    0x19, 0x80, 0x33, 0x80, 0x42, 0x1, 0x8, 0x7,
    0xff, 0x4, 0xc0, 0x3f, 0xff, 0xe0, 0x1f, 0xfd,
    0x50,

    /* U+0069 "i" */
    0xff, 0xb4, 0x3, 0xf3, 0x34, 0xb3, 0x34, 0x7f,
    0xda, 0x1, 0xff, 0xec,

    /* U+006A "j" */
    0x0, 0x87, 0xfe, 0xc0, 0xf, 0xfe, 0x38, 0xb3,
    0x56, 0x1, 0xa6, 0x67, 0x0, 0x87, 0xfe, 0xc0,
    0xf, 0xff, 0xf8, 0x7, 0xff, 0x81, 0xc0, 0x22,
    0x0, 0xe7, 0xad, 0x0, 0x88, 0x29, 0x44, 0x2,
    0xc1, 0x20, 0xc, 0x4a, 0x66, 0x10, 0x27, 0xc0,

    /* U+006B "k" */
    0x2f, 0xfa, 0xc0, 0x3f, 0xff, 0xe0, 0x11, 0xff,
    0xe7, 0x0, 0xfc, 0x5a, 0x1, 0x33, 0x80, 0x7c,
    0x3e, 0x20, 0x5, 0x90, 0xf, 0xd4, 0x40, 0x4,
    0xa0, 0xf, 0xd2, 0x80, 0x2, 0xb0, 0xf, 0xc8,
    0xc0, 0x17, 0x80, 0x7f, 0xf0, 0xa8, 0x3, 0xff,
    0x84, 0xe4, 0x1, 0xfe, 0x60, 0xa, 0x0, 0x3f,
    0xaa, 0x48, 0x0, 0xa6, 0x1, 0xf2, 0x28, 0x48,
    0x5, 0xe0, 0x1f, 0xe4, 0x40, 0x0, 0xd4, 0x3,
    0xfd, 0x0, 0x14, 0x0, 0x7f, 0x8d, 0x40, 0x4,
    0xe0, 0x1f, 0xe8, 0x0, 0xa0, 0x40,

    /* U+006C "l" */
    0xff, 0xb4, 0x3, 0xff, 0xfe, 0x0,

    /* U+006D "m" */
    0x4f, 0xf9, 0x1, 0xf7, 0xfa, 0xcc, 0x0, 0x55,
    0xdf, 0xb0, 0x20, 0x1e, 0x2d, 0x82, 0x1, 0x4c,
    0x55, 0x6a, 0x88, 0x13, 0xe0, 0x80, 0x74, 0x90,
    0x7, 0xaa, 0x80, 0x1e, 0x28, 0x0, 0xf1, 0xef,
    0xe0, 0x7, 0x2f, 0x7b, 0x80, 0x4e, 0x1, 0xed,
    0x20, 0x35, 0x0, 0x8a, 0x84, 0x20, 0x40, 0x2,
    0x1, 0xc8, 0x20, 0x11, 0x0, 0x4a, 0x1, 0x88,
    0x2, 0x10, 0xc, 0x40, 0x1f, 0xb8, 0x3, 0xff,
    0x94, 0x60, 0x1f, 0xff, 0xf0, 0xf, 0xff, 0xf8,
    0x7, 0xff, 0x20,

    /* U+006E "n" */
    0xf, 0xfa, 0x1, 0x2b, 0xbf, 0x64, 0x40, 0x3e,
    0x8b, 0x51, 0x2, 0x6f, 0x20, 0xe, 0x67, 0x0,
    0xf0, 0xc8, 0x7, 0x8, 0x4f, 0xf9, 0xc0, 0x24,
    0x0, 0xf5, 0x30, 0x2, 0x4, 0x2, 0x20, 0xe,
    0x50, 0xc, 0xa0, 0x10, 0x80, 0x61, 0x0, 0xe1,
    0x0, 0xfc, 0x60, 0x1f, 0xff, 0xf0, 0xf, 0xfe,
    0xe0,

    /* U+006F "o" */
    0x0, 0xcb, 0x7b, 0xfd, 0x8e, 0x1, 0xf1, 0x6d,
    0x21, 0x0, 0x9c, 0x72, 0x0, 0x62, 0xd2, 0x0,
    0xf8, 0x6d, 0x40, 0x2f, 0x0, 0x8a, 0xb6, 0xd0,
    0x2, 0xa1, 0x4, 0x20, 0x1, 0x62, 0x92, 0x5a,
    0x0, 0x52, 0x1c, 0x1, 0x58, 0x80, 0x69, 0x0,
    0x94, 0x18, 0x2, 0x40, 0xe, 0x21, 0x0, 0x10,
    0x8, 0x4, 0x60, 0x1e, 0x30, 0x8, 0x44, 0x1,
    0x18, 0x7, 0x8c, 0x2, 0x16, 0x0, 0x90, 0x3,
    0x88, 0x40, 0x4, 0x1c, 0x1, 0x58, 0x80, 0x69,
    0x0, 0x94, 0x10, 0x80, 0x5, 0x8a, 0x49, 0x68,
    0x0, 0x19, 0x0, 0x70, 0x4, 0x55, 0xb6, 0x80,
    0x15, 0x8, 0x0, 0xf0, 0x80, 0x3e, 0x1b, 0x40,
    0xc, 0x7b, 0x48, 0x40, 0x27, 0x1c, 0x80, 0x10,

    /* U+0070 "p" */
    0x1f, 0xf9, 0xc1, 0x73, 0xbf, 0x18, 0x3, 0xf7,
    0xd5, 0xc, 0x40, 0xe6, 0xc0, 0x3e, 0x65, 0x0,
    0xf2, 0x50, 0x7, 0x84, 0x23, 0xb5, 0xc0, 0x25,
    0x40, 0xf, 0x4b, 0x89, 0x43, 0x80, 0x5c, 0x1,
    0xc2, 0xc0, 0x1a, 0x40, 0x24, 0x0, 0xe2, 0x0,
    0xe1, 0x10, 0x0, 0x40, 0x39, 0xc0, 0x3c, 0x60,
    0x1f, 0x9c, 0x3, 0xc6, 0x1, 0xf8, 0xc0, 0x38,
    0x44, 0x0, 0x20, 0xf, 0x38, 0x6, 0x90, 0x9,
    0xc0, 0x3d, 0x10, 0x22, 0x43, 0x80, 0x52, 0x1,
    0xf3, 0xee, 0x9c, 0x2, 0x53, 0x0, 0xe3, 0x60,
    0xf, 0x25, 0x0, 0x7d, 0x34, 0x60, 0x3, 0x9b,
    0x0, 0xfe, 0x5c, 0xff, 0x63, 0x0, 0x7f, 0xff,
    0xc0, 0x3f, 0x80,

    /* U+0071 "q" */
    0x0, 0x8e, 0xbb, 0xf6, 0x4, 0xff, 0xe5, 0x0,
    0x3e, 0x28, 0x81, 0x3f, 0xb0, 0x7, 0x34, 0x0,
    0x78, 0x6c, 0x3, 0xa0, 0x2, 0x4c, 0xfb, 0x21,
    0x0, 0xca, 0x20, 0x2, 0xb3, 0x4, 0xc0, 0xe,
    0xc0, 0xa, 0xc0, 0x30, 0xb0, 0x6, 0x20, 0x9,
    0x40, 0x3b, 0xc0, 0x3f, 0x8, 0x7, 0xf8, 0x40,
    0x21, 0x0, 0xe1, 0x0, 0xc4, 0x1, 0x28, 0x7,
    0x60, 0x6, 0xc0, 0xa, 0x80, 0x31, 0xa0, 0x6,
    0x41, 0x0, 0x1d, 0x98, 0xae, 0x80, 0x7a, 0xc0,
    0x24, 0xce, 0xa1, 0x0, 0xf2, 0xb8, 0x7, 0x8d,
    0x80, 0x3d, 0x16, 0x82, 0x5, 0x18, 0x20, 0x1f,
    0x25, 0xf7, 0xeb, 0x80, 0x7f, 0xff, 0xc0, 0x3c,

    /* U+0072 "r" */
    0x2f, 0xf9, 0x8a, 0xff, 0xb0, 0x40, 0x37, 0x62,
    0x0, 0x90, 0x80, 0x67, 0x10, 0x9, 0xc0, 0x3e,
    0x57, 0x2d, 0x0, 0xf4, 0x54, 0x6a, 0x0, 0x79,
    0xc0, 0x3f, 0x88, 0x3, 0xfc, 0x20, 0x1f, 0xe7,
    0x0, 0xff, 0xfe, 0x0,

    /* U+0073 "s" */
    0x0, 0x8e, 0xb7, 0xfe, 0xd9, 0x20, 0xe, 0x8c,
    0x52, 0x0, 0x89, 0xb5, 0x0, 0x25, 0x70, 0x8,
    0x8c, 0x40, 0x2b, 0x20, 0x7, 0x0, 0x7, 0xb7,
    0x39, 0xc0, 0x2a, 0x0, 0x38, 0x4, 0x60, 0x14,
    0x4e, 0x74, 0x0, 0x18, 0x0, 0x3b, 0xa9, 0x51,
    0x63, 0x10, 0xa, 0x40, 0x31, 0x35, 0x76, 0x30,
    0x6, 0x3b, 0x10, 0xf, 0x1c, 0xf1, 0x0, 0x49,
    0xd6, 0xc2, 0x1, 0xc3, 0xe0, 0x1c, 0x93, 0xdb,
    0x4a, 0x1, 0x11, 0x53, 0x7d, 0x60, 0x2, 0x5a,
    0x40, 0xc, 0x4c, 0x82, 0x8e, 0x1, 0x1a, 0x80,
    0x44, 0x12, 0x1, 0x47, 0xef, 0x60, 0x80, 0x1c,
    0x0, 0xd0, 0x1, 0x88, 0x40, 0x26, 0x80, 0x9,
    0xf5, 0xcc, 0x2, 0x26, 0xc9, 0x0, 0x0,

    /* U+0074 "t" */
    0x0, 0xff, 0xe0, 0xa6, 0x80, 0x71, 0x5d, 0x88,
    0x3, 0xb9, 0x0, 0x3e, 0x10, 0xf, 0xfe, 0x1c,
    0xf9, 0x0, 0x5f, 0xea, 0x0, 0xff, 0xe3, 0x4f,
    0x10, 0x5, 0xbd, 0x60, 0x20, 0x18, 0x84, 0x40,
    0x1f, 0xfd, 0xa1, 0x0, 0xff, 0xe0, 0x8, 0x7,
    0xe9, 0x45, 0x0, 0x28, 0x4, 0xf7, 0x20, 0xd,
    0x0, 0xe2, 0x0, 0x25, 0x18, 0x0, 0x98,

    /* U+0075 "u" */
    0x1f, 0xfb, 0x0, 0x3a, 0xff, 0xe2, 0x0, 0xff,
    0xff, 0x80, 0x7f, 0xf7, 0x1c, 0x3, 0x8, 0x4,
    0x20, 0x1c, 0x20, 0x1f, 0x88, 0x3, 0x19, 0x0,
    0x71, 0x0, 0x54, 0x20, 0x9a, 0x1, 0xe5, 0x0,
    0x97, 0xbe, 0xc4, 0x40, 0x1d, 0x4, 0x1, 0xe5,
    0x90, 0xf, 0x6b, 0x90, 0xa, 0x5d, 0x0, 0x70,

    /* U+0076 "v" */
    0xaf, 0xf9, 0x40, 0x3d, 0xdf, 0xf0, 0xf0, 0x5,
    0xc0, 0x1c, 0x82, 0x0, 0x51, 0x42, 0x0, 0x20,
    0x80, 0x6d, 0x0, 0xb8, 0x1, 0x40, 0x13, 0x80,
    0x66, 0x0, 0xa, 0x0, 0x18, 0x2, 0xa0, 0x9,
    0x40, 0x26, 0x0, 0x85, 0x0, 0x6, 0x40, 0xe,
    0x0, 0xa8, 0x3, 0x70, 0x5, 0x40, 0x28, 0x0,
    0x42, 0x0, 0xca, 0x20, 0x5, 0x7, 0x0, 0xb8,
    0x3, 0xcc, 0x0, 0x22, 0x50, 0x0, 0x54, 0x3,
    0xd4, 0x1, 0x59, 0x80, 0x1c, 0x3, 0xe2, 0x30,
    0x3, 0x0, 0x54, 0x1, 0xfa, 0x40, 0x38, 0x8c,
    0x3, 0xf2, 0x80, 0x75, 0x80, 0x7f, 0x98, 0x3,
    0x38, 0x7, 0xfa, 0x80, 0x25, 0x10, 0xe,

    /* U+0077 "w" */
    0xbf, 0xf8, 0x3, 0xbf, 0xee, 0x0, 0xc5, 0xff,
    0x4e, 0x80, 0x48, 0x1, 0x20, 0x4, 0x24, 0x1,
    0x28, 0x5, 0xae, 0x1, 0x60, 0x5, 0x80, 0x19,
    0x0, 0x2c, 0x0, 0x90, 0x4c, 0x0, 0xa0, 0x12,
    0x80, 0x6c, 0x0, 0x90, 0x0, 0xa0, 0x4, 0x0,
    0x10, 0x80, 0x90, 0x6, 0x40, 0x2, 0x0, 0x5e,
    0x0, 0xb0, 0x9, 0xc1, 0x0, 0x2, 0x0, 0x12,
    0xd, 0x0, 0x90, 0x0, 0x62, 0x0, 0xc0, 0xc0,
    0x3, 0x98, 0x1, 0x1, 0x0, 0x8, 0x20, 0x13,
    0x80, 0x10, 0x10, 0x1, 0x88, 0x0, 0xc2, 0x20,
    0x3, 0x40, 0x36, 0x80, 0x5, 0x8, 0x0, 0x98,
    0x0, 0x74, 0x0, 0x90, 0x3, 0x20, 0x5, 0x20,
    0x2, 0x14, 0x0, 0x15, 0x80, 0x8, 0x80, 0x1c,
    0xa0, 0x2, 0x0, 0x20, 0x0, 0xc0, 0x4, 0x0,
    0x50, 0xf, 0x78, 0x7, 0x60, 0x1, 0x0, 0x3a,
    0xc0, 0x3c, 0x80, 0x1c, 0x80, 0xb, 0x0, 0xc2,
    0x60, 0x1e, 0x14, 0x0, 0x88, 0x40, 0x6, 0x1,
    0x9c, 0x3, 0xf6, 0x80, 0x48, 0x1, 0x90, 0x2,
    0xd0, 0xc,

    /* U+0078 "x" */
    0x4f, 0xfc, 0xc0, 0x10, 0xf7, 0xfd, 0x0, 0x8c,
    0x1, 0x40, 0x80, 0x2c, 0x40, 0x7, 0x0, 0x9,
    0x20, 0x0, 0xd8, 0x22, 0x80, 0x5c, 0x1, 0xb8,
    0x2, 0x55, 0x50, 0x5, 0x24, 0x1, 0x8d, 0xc0,
    0x2a, 0x10, 0x2, 0x30, 0x7, 0xa0, 0xc0, 0x38,
    0x68, 0x3, 0xf7, 0x0, 0x75, 0x88, 0x7, 0xe2,
    0x30, 0xc, 0xc0, 0x1f, 0xcc, 0x60, 0x1b, 0x80,
    0x3f, 0x14, 0x80, 0x71, 0x48, 0x7, 0xdc, 0x1,
    0x20, 0x4, 0xc8, 0x1, 0xce, 0x60, 0x2, 0xb5,
    0x0, 0xa4, 0x3, 0x14, 0x0, 0x52, 0x16, 0x20,
    0x2, 0x90, 0xb, 0x80, 0x26, 0x40, 0x1b, 0x0,
    0x99, 0x1, 0xcc, 0x0, 0x30, 0x1, 0x2a, 0x0,
    0x54, 0x20,

    /* U+0079 "y" */
    0xaf, 0xf9, 0xc0, 0x3d, 0xff, 0x70, 0x70, 0x5,
    0x60, 0x1c, 0xa0, 0x13, 0x82, 0x8, 0x0, 0xc4,
    0x3, 0x78, 0x5, 0x40, 0x6, 0x0, 0x9c, 0x3,
    0x28, 0x0, 0x8c, 0x1, 0x40, 0x16, 0x80, 0x48,
    0x1, 0x28, 0x4, 0x46, 0x0, 0x41, 0x0, 0x68,
    0x5, 0x40, 0x1a, 0x80, 0x27, 0x0, 0x38, 0x0,
    0xc8, 0x3, 0x38, 0x5, 0xa0, 0x82, 0x0, 0xb0,
    0xe, 0x14, 0x0, 0x20, 0xe8, 0x4, 0xc0, 0x1e,
    0xe0, 0x9, 0xdc, 0x0, 0x41, 0x0, 0xf2, 0x88,
    0x2, 0xc4, 0x1, 0xa0, 0x1f, 0x9c, 0x0, 0x40,
    0x13, 0x0, 0x7e, 0xa0, 0xe, 0x50, 0xf, 0xe3,
    0x20, 0xd, 0xc0, 0x1f, 0xea, 0x0, 0x85, 0x0,
    0x3f, 0xf8, 0x4e, 0x1, 0xff, 0x50, 0x5, 0x40,
    0x1f, 0x19, 0x1d, 0x90, 0x0, 0x8c, 0x3, 0xef,
    0xdc, 0x40, 0xa, 0x0, 0x3f, 0x30, 0x7, 0x32,
    0x80, 0x7e, 0xd1, 0x1, 0x39, 0x90, 0x7, 0xe0,

    /* U+007A "z" */
    0xf, 0xff, 0xfe, 0x0, 0x7, 0xff, 0x4b, 0x77,
    0xcc, 0x1, 0xa4, 0x0, 0x45, 0xcc, 0xc0, 0x9,
    0xd8, 0x3, 0xc7, 0x60, 0x12, 0x40, 0x7, 0x87,
    0x40, 0x22, 0xb0, 0xf, 0xb4, 0x40, 0x3, 0xe0,
    0x1f, 0x51, 0x80, 0x54, 0x40, 0x1e, 0x75, 0x0,
    0xa5, 0x0, 0x3c, 0xb0, 0x1, 0x3b, 0x0, 0x78,
    0xa8, 0x2, 0x2d, 0x55, 0xf1, 0x50, 0x6, 0x2a,
    0xaf, 0x90, 0x3, 0xff, 0xa0,

    /* U+007B "{" */
    0x0, 0xe3, 0xad, 0xff, 0x10, 0x6, 0x4c, 0x52,
    0x0, 0xfa, 0x40, 0x3f, 0xc4, 0x0, 0x19, 0xa2,
    0x0, 0x88, 0x2, 0x96, 0x50, 0xf, 0xc2, 0x1,
    0xe1, 0x0, 0x8c, 0x3, 0xfc, 0x20, 0x1e, 0x70,
    0x9, 0xc0, 0x3d, 0xa0, 0x11, 0x0, 0x73, 0x30,
    0x0, 0x62, 0x1, 0x17, 0xc8, 0x5, 0xe0, 0x1f,
    0xd8, 0x60, 0x1f, 0xde, 0x1, 0xc7, 0x6, 0x0,
    0x38, 0x0, 0xc2, 0xf8, 0x40, 0x6, 0x0, 0xfa,
    0xc0, 0x2, 0x40, 0x1e, 0x20, 0x9, 0x80, 0x3c,
    0xe0, 0x1f, 0xfc, 0x21, 0x0, 0xf0, 0x80, 0x7f,
    0xf0, 0x88, 0x3, 0xc4, 0x1, 0x43, 0xa8, 0x7,
    0x18, 0x5, 0x14, 0x40, 0x1b, 0xc0, 0x3f, 0xc7,
    0xaa, 0x40, 0x10,

    /* U+007C "|" */
    0x9f, 0xf3, 0x80, 0x7f, 0xff, 0xc0, 0x3f, 0xf9,
    0xa0,

    /* U+007D "}" */
    0x6f, 0xf6, 0xc8, 0x80, 0x7c, 0x4d, 0xe2, 0x1,
    0xf8, 0x60, 0x2, 0x7a, 0x80, 0x9, 0x0, 0x21,
    0x57, 0x50, 0x1, 0x80, 0x78, 0xc0, 0x2, 0x1,
    0xff, 0xc4, 0x10, 0xf, 0xef, 0x0, 0x84, 0x3,
    0x8c, 0x2, 0x40, 0xe, 0x40, 0xa, 0xd0, 0x3,
    0xa4, 0x0, 0x37, 0xe0, 0x19, 0xa4, 0x3, 0xf1,
    0x40, 0x7, 0xee, 0x10, 0x2, 0xc8, 0x4, 0x46,
    0x0, 0x6a, 0x60, 0x9, 0xc0, 0x2a, 0x0, 0xe2,
    0x0, 0x8c, 0x3, 0xbc, 0x3, 0xff, 0x8e, 0x20,
    0x1f, 0xc6, 0x0, 0x10, 0x8, 0x56, 0x14, 0x0,
    0x40, 0x13, 0xd3, 0x80, 0x4a, 0x1, 0xf8, 0x60,
    0x3, 0xc4, 0xfe, 0x20, 0x10,

    /* U+007E "~" */
    0x0, 0x92, 0x1d, 0x44, 0x3, 0xe3, 0x2, 0xdb,
    0x78, 0xae, 0xa3, 0x0, 0x8b, 0x10, 0x30, 0x80,
    0x39, 0x73, 0x66, 0xf4, 0xc0, 0x44, 0x1, 0xf8,
    0x99, 0x0, 0x39, 0x33, 0xf6, 0x4c, 0x3, 0xc4,
    0xc1, 0x16, 0x60, 0x4d, 0x98, 0x51, 0x2, 0x8d,
    0x11, 0x38, 0x7, 0x8e, 0xbb, 0xf5, 0xc0, 0x0,

    /* U+00B0 "°" */
    0x0, 0x3e, 0xfe, 0xb8, 0x5, 0x50, 0x40, 0x51,
    0x60, 0xaa, 0x5, 0xa6, 0x4, 0x6e, 0x4, 0xa5,
    0x95, 0xa, 0x70, 0xc0, 0xb, 0x0, 0x9c, 0x30,
    0x2, 0xc0, 0x2e, 0x4, 0xa5, 0x95, 0xa, 0x55,
    0x2, 0xd3, 0x2, 0x30, 0x54, 0x10, 0x13, 0xd8,
    0x0,

    /* U+0401 "Ё" */
    0x0, 0x17, 0xfc, 0x40, 0x9f, 0xf0, 0x80, 0x7f,
    0xf6, 0x4a, 0xaa, 0x20, 0x5a, 0xa8, 0x40, 0x3c,
    0xab, 0x0, 0x5, 0x56, 0x0, 0xdf, 0xff, 0xfc,
    0x2e, 0x0, 0xff, 0xec, 0xc4, 0xcf, 0xf4, 0x0,
    0x73, 0x37, 0xfc, 0x1, 0xff, 0xd9, 0x66, 0xff,
    0x0, 0x7a, 0x26, 0x7f, 0x88, 0x3, 0xff, 0xb3,
    0xdf, 0xff, 0xc4, 0x1, 0xff, 0xf9, 0x66, 0xff,
    0x84, 0x3, 0x44, 0xcf, 0xf9, 0x40, 0x3f, 0xfa,
    0x80,

    /* U+0410 "А" */
    0x0, 0xf9, 0xbf, 0xf2, 0x0, 0x7f, 0xf0, 0xe8,
    0x3, 0x78, 0x7, 0xff, 0x8, 0x8c, 0x3, 0x20,
    0x80, 0x7f, 0xf0, 0x68, 0x3, 0xcc, 0x1, 0xff,
    0xc1, 0x60, 0xf, 0x48, 0x7, 0xff, 0x1, 0x44,
    0x0, 0xc6, 0x0, 0x14, 0x0, 0xff, 0xb8, 0x2,
    0xaa, 0x0, 0x5e, 0x1, 0xfe, 0x24, 0x0, 0x11,
    0xb0, 0x4, 0x82, 0x1, 0xfd, 0x40, 0x15, 0x0,
    0x14, 0x2, 0x60, 0xf, 0xe6, 0x0, 0x98, 0x1,
    0xc0, 0x14, 0x80, 0x7e, 0x41, 0x0, 0x20, 0x80,
    0x10, 0x40, 0x2, 0x80, 0x1f, 0x70, 0x5, 0xc0,
    0x19, 0x80, 0x2f, 0x0, 0xf0, 0xa8, 0x5, 0x5f,
    0xf9, 0xc0, 0x24, 0x10, 0xe, 0x60, 0xf, 0xfe,
    0x14, 0x80, 0x75, 0x0, 0x7f, 0xf0, 0x98, 0x3,
    0x19, 0x0, 0x6, 0x67, 0xf0, 0x4, 0x28, 0x1,
    0x48, 0x4, 0xcd, 0xfc, 0xa0, 0x17, 0x80, 0x4a,
    0x1, 0x58, 0x7, 0xee, 0x0, 0x90, 0x41, 0x80,
    0x22, 0x30, 0xf, 0xc8, 0x40, 0x14, 0x85, 0x0,
    0x54, 0x1, 0xfe, 0xa0, 0x9, 0x80,

    /* U+0411 "Б" */
    0xef, 0xff, 0xfe, 0x10, 0x80, 0x7f, 0xf6, 0xe2,
    0x67, 0xfc, 0x20, 0x1c, 0xac, 0xdf, 0xe0, 0xf,
    0xff, 0x6e, 0xff, 0xf7, 0x6d, 0x28, 0x7, 0xff,
    0x4, 0x49, 0x6a, 0xc0, 0x3f, 0xf8, 0x89, 0x60,
    0x1d, 0x13, 0x3a, 0x18, 0x40, 0x24, 0x50, 0xc,
    0xac, 0xd9, 0xe7, 0xc8, 0x2, 0xf0, 0xf, 0xf8,
    0x68, 0x2, 0x70, 0xf, 0xfe, 0x0, 0x80, 0x7f,
    0xf1, 0x2c, 0x2, 0x60, 0xd, 0x4c, 0xd9, 0xe3,
    0x88, 0x2, 0xe0, 0xc, 0xf3, 0x3a, 0x1c, 0x40,
    0x23, 0x50, 0xf, 0xfe, 0x11, 0xe8, 0x7, 0xff,
    0x0, 0x52, 0x70, 0x40,

    /* U+0412 "В" */
    0xff, 0xff, 0x76, 0x40, 0x80, 0x7f, 0xf0, 0x44,
    0xdf, 0x90, 0x3, 0xff, 0x89, 0x62, 0x1, 0xd3,
    0x55, 0x4c, 0x98, 0x3, 0x48, 0x7, 0x3a, 0xac,
    0xcc, 0x99, 0x0, 0x48, 0x1, 0xff, 0xc0, 0x70,
    0xf, 0xfe, 0x22, 0x80, 0x4a, 0x1, 0xff, 0x25,
    0x0, 0x56, 0x1, 0xdd, 0xff, 0xd6, 0x20, 0xa,
    0x20, 0xf, 0xfe, 0x13, 0xa8, 0x7, 0xff, 0xd,
    0xf4, 0x80, 0x3a, 0x67, 0xa1, 0x84, 0x0, 0x58,
    0x1, 0xce, 0xcd, 0x9e, 0x78, 0x80, 0x2, 0xe0,
    0x1f, 0xfc, 0xb, 0x0, 0xb0, 0x3, 0xff, 0x88,
    0xe0, 0x1f, 0xfc, 0xa, 0x0, 0x98, 0x3, 0x33,
    0x7a, 0x34, 0xc0, 0x2f, 0x0, 0xd1, 0x33, 0xce,
    0x40, 0x11, 0xa8, 0x7, 0xff, 0x8, 0xb4, 0x3,
    0xff, 0x80, 0x29, 0x3a, 0x20,

    /* U+0413 "Г" */
    0xcf, 0xff, 0xfe, 0x6, 0x80, 0x7f, 0xf5, 0x1a,
    0x67, 0xf4, 0x0, 0x6d, 0x66, 0xfc, 0xa0, 0x1f,
    0xff, 0xf0, 0xf, 0xff, 0xf8, 0x7, 0xff, 0xc0,

    /* U+0414 "Д" */
    0x0, 0xcb, 0xff, 0xff, 0xc1, 0x80, 0xf, 0xff,
    0x42, 0x4c, 0xf2, 0x0, 0x7f, 0xf0, 0xb1, 0x9b,
    0x8c, 0x3, 0xfc, 0x60, 0x1f, 0xfc, 0xc1, 0x0,
    0xff, 0xe2, 0x8, 0x7, 0xff, 0x23, 0xc0, 0x23,
    0x0, 0xff, 0xe2, 0x10, 0x4, 0x20, 0x1f, 0xfc,
    0x41, 0x0, 0x98, 0x3, 0xff, 0x88, 0xa0, 0x11,
    0x0, 0x7f, 0xf0, 0xc4, 0x40, 0x1, 0x0, 0xff,
    0xe2, 0x28, 0x4, 0xa0, 0x1f, 0xfc, 0x4d, 0x0,
    0xb0, 0x3, 0xff, 0x88, 0xc0, 0x12, 0x0, 0x7f,
    0xf0, 0x9a, 0x40, 0x32, 0xb3, 0x78, 0xc0, 0x23,
    0x61, 0x14, 0xb0, 0x6, 0x99, 0xf9, 0x0, 0x24,
    0x95, 0x0, 0xff, 0xf1, 0x5f, 0xff, 0xfd, 0xc0,
    0x1f, 0xff, 0x71, 0x99, 0x94, 0x3, 0xfe, 0x19,
    0x99, 0x40,

    /* U+0415 "Е" */
    0xff, 0xff, 0xe1, 0x70, 0x7, 0xff, 0x66, 0x26,
    0x7f, 0xa0, 0x3, 0x99, 0xbf, 0xe0, 0xf, 0xfe,
    0xcb, 0x37, 0xf8, 0x3, 0xd1, 0x33, 0xfc, 0x40,
    0x1f, 0xfd, 0x9e, 0xff, 0xfe, 0x20, 0xf, 0xff,
    0xcb, 0x37, 0xfc, 0x20, 0x1a, 0x26, 0x7f, 0xca,
    0x1, 0xff, 0xd4,

    /* U+0416 "Ж" */
    0x7f, 0xec, 0x81, 0x0, 0xcb, 0xff, 0x50, 0x7,
    0x2d, 0xf7, 0xe0, 0x0, 0x4d, 0xf0, 0x40, 0x3f,
    0xf8, 0x13, 0x48, 0x20, 0x1f, 0x14, 0x0, 0x7f,
    0xc8, 0xc0, 0x1c, 0xff, 0x86, 0x0, 0x62, 0x0,
    0xff, 0x48, 0x0, 0x6b, 0xb0, 0x0, 0x7a, 0x1,
    0x58, 0x7, 0xf2, 0x10, 0x2, 0xd4, 0x40, 0x30,
    0xb0, 0x1, 0x80, 0x3f, 0xb8, 0x0, 0x2a, 0x1,
    0xf5, 0x0, 0x4c, 0x1, 0xf0, 0xa8, 0x1, 0x80,
    0x3f, 0x19, 0x80, 0x10, 0x1, 0xf4, 0x0, 0x52,
    0x1, 0xfd, 0x0, 0x1, 0xdf, 0x0, 0x9a, 0x98,
    0x0, 0xc2, 0x1, 0xfc, 0x96, 0x0, 0x25, 0x0,
    0x8d, 0x40, 0xd, 0x20, 0x1f, 0xe3, 0x90, 0xf,
    0xf9, 0x9c, 0x3, 0xf8, 0xb0, 0x80, 0x8, 0xc0,
    0x11, 0xb8, 0x5, 0xc, 0x1, 0xfb, 0x80, 0x23,
    0xbc, 0x0, 0x9a, 0x1c, 0x2, 0x92, 0x0, 0xf3,
    0x18, 0x5, 0xe0, 0x1f, 0x40, 0x80, 0x50, 0x1,
    0xe8, 0x0, 0x90, 0xc0, 0x3f, 0x40, 0x4, 0xa6,
    0x1, 0x98, 0x40, 0x28, 0x0, 0xfe, 0x62, 0x0,
    0xa0, 0x3, 0x40, 0x4, 0x86, 0x1, 0xfe, 0xb0,
    0x9, 0xc, 0x0, 0xc2, 0x1, 0x78, 0x7, 0xfc,
    0xc2, 0x1, 0x40, 0x2, 0x0, 0x23, 0x40, 0xf,
    0xfe, 0x4, 0x80, 0x48, 0x6e, 0x20, 0x14, 0x80,
    0x7f, 0xf0, 0x5c, 0x3, 0x40,

    /* U+0417 "З" */
    0x0, 0xcb, 0x7d, 0xfe, 0xec, 0x82, 0x0, 0xf1,
    0x6d, 0x20, 0x80, 0x4, 0xdf, 0x64, 0x3, 0xe,
    0x10, 0x7, 0xf3, 0x40, 0x5, 0x2, 0x1, 0x24,
    0xd3, 0x88, 0x4, 0xe2, 0x0, 0x20, 0xa, 0x2d,
    0x96, 0x30, 0x3, 0x28, 0x2, 0xfe, 0xe1, 0xc0,
    0x31, 0x10, 0x2, 0x60, 0xc, 0x8e, 0x1, 0xc2,
    0x40, 0x3, 0x20, 0xf, 0xe1, 0x5c, 0x0, 0x17,
    0x0, 0x7f, 0x7f, 0x51, 0x3, 0x61, 0x0, 0x7f,
    0xf0, 0x9d, 0xc0, 0x1f, 0xfc, 0x31, 0x9a, 0x0,
    0xfe, 0xfe, 0xc5, 0x0, 0x95, 0x80, 0x3f, 0x84,
    0xe9, 0x80, 0x2a, 0x0, 0xe1, 0x0, 0xf5, 0x0,
    0x46, 0x0, 0x5a, 0xf8, 0x0, 0xf3, 0x80, 0x71,
    0x52, 0x83, 0x18, 0x7, 0x40, 0x4, 0x40, 0x46,
    0x1, 0x65, 0x32, 0xbe, 0x98, 0x5, 0x40, 0xf,
    0x0, 0xcb, 0x35, 0x4, 0x1, 0x13, 0x80, 0xe,
    0xc4, 0x3, 0xf9, 0x30, 0x3, 0x27, 0xc2, 0x8,
    0x0, 0x49, 0xae, 0xc2, 0x0,

    /* U+0418 "И" */
    0xef, 0xf7, 0x0, 0x7c, 0x9f, 0xf8, 0x3, 0xff,
    0x81, 0x40, 0x1f, 0xfc, 0x38, 0x10, 0xf, 0xfe,
    0x11, 0x38, 0x7, 0xff, 0xe, 0x40, 0x3f, 0xf8,
    0x6a, 0x80, 0x1f, 0xfc, 0x3b, 0x0, 0xff, 0xe1,
    0xc8, 0x80, 0x8, 0xc0, 0x3f, 0xc6, 0xc0, 0x14,
    0x80, 0x7f, 0xde, 0x1, 0x2a, 0x0, 0x7f, 0x98,
    0xc0, 0x2b, 0x0, 0xff, 0xc, 0x0, 0x52, 0x20,
    0x1f, 0xeb, 0x10, 0x1, 0xb0, 0x7, 0xf8, 0x54,
    0x2, 0xf0, 0xf, 0xfe, 0x1b, 0x98, 0x7, 0xff,
    0x8, 0x60, 0x3, 0xff, 0x87, 0x40, 0x1f, 0xfc,
    0x34, 0x40, 0x7, 0xff, 0xe, 0x80, 0x3f, 0xf8,
    0x70, 0x20, 0x1f, 0xf0,

    /* U+0419 "Й" */
    0x0, 0xd0, 0xc0, 0x19, 0x20, 0x80, 0x3f, 0x3c,
    0x0, 0x68, 0x70, 0xf, 0xe5, 0x19, 0x21, 0x73,
    0x22, 0x0, 0x7e, 0xb0, 0x6d, 0xe8, 0xe, 0x0,
    0xfe, 0x1d, 0x40, 0x1, 0xd9, 0x80, 0x7f, 0x8a,
    0xff, 0xd8, 0x80, 0x1e, 0xef, 0xf7, 0x0, 0x7c,
    0x9f, 0xf8, 0x3, 0xff, 0x81, 0x40, 0x1f, 0xfc,
    0x38, 0x10, 0xf, 0xfe, 0x11, 0x38, 0x7, 0xff,
    0xe, 0x40, 0x3f, 0xf8, 0x6a, 0x80, 0x1f, 0xfc,
    0x3b, 0x0, 0xff, 0xe1, 0xc8, 0x80, 0x8, 0xc0,
    0x3f, 0xc6, 0xc0, 0x14, 0x80, 0x7f, 0xde, 0x1,
    0x2a, 0x0, 0x7f, 0x98, 0xc0, 0x2b, 0x0, 0xff,
    0xc, 0x0, 0x52, 0x20, 0x1f, 0xeb, 0x10, 0x1,
    0xb0, 0x7, 0xf8, 0x54, 0x2, 0xf0, 0xf, 0xfe,
    0x1b, 0x98, 0x7, 0xff, 0x8, 0x60, 0x3, 0xff,
    0x87, 0x40, 0x1f, 0xfc, 0x34, 0x40, 0x7, 0xff,
    0xe, 0x80, 0x3f, 0xf8, 0x70, 0x20, 0x1f, 0xf0,

    /* U+041A "К" */
    0xef, 0xf8, 0x80, 0x39, 0xf3, 0xbe, 0x80, 0x3f,
    0xae, 0xc, 0x40, 0x3f, 0xce, 0x80, 0x10, 0x98,
    0x7, 0xe9, 0x0, 0x1e, 0xf4, 0x80, 0x7c, 0xc2,
    0x0, 0xe2, 0x0, 0xfe, 0xb0, 0x2, 0x10, 0x7,
    0xf2, 0x10, 0x3, 0x80, 0x3f, 0xd0, 0x0, 0x15,
    0x0, 0xfd, 0x7a, 0x60, 0xb, 0x0, 0xfe, 0x62,
    0x0, 0x4a, 0x80, 0x7f, 0xf0, 0x65, 0x80, 0x3f,
    0xa5, 0x80, 0x29, 0x50, 0xf, 0xc9, 0x2c, 0x1,
    0x58, 0x80, 0x7f, 0x40, 0x4, 0x32, 0x1, 0xfc,
    0x30, 0x1, 0x38, 0x80, 0x7f, 0x38, 0x6, 0x80,
    0xf, 0xf3, 0x80, 0x4c, 0x20, 0x1f, 0xd2, 0x1,
    0xa0, 0x3, 0xf8, 0x58, 0x2, 0x61, 0x0, 0xfe,
    0xb0, 0xd, 0x0,

    /* U+041B "Л" */
    0x0, 0xa3, 0xff, 0xff, 0x83, 0x0, 0x1f, 0xfd,
    0xf5, 0x99, 0xe4, 0x0, 0xff, 0xb5, 0x9b, 0x8c,
    0x3, 0xff, 0xfe, 0x1, 0xff, 0xe0, 0x10, 0xf,
    0xff, 0xb8, 0x80, 0x46, 0x1, 0xfe, 0x12, 0x47,
    0x0, 0x98, 0x3, 0xfd, 0x1b, 0x62, 0x1, 0x18,
    0x7, 0xff, 0x11, 0xc0, 0x3f, 0xe1, 0x0, 0x8a,
    0x20, 0x1, 0xff, 0x0,

    /* U+041C "М" */
    0xf, 0xff, 0x10, 0x7, 0xb7, 0xff, 0x94, 0x3,
    0xe5, 0x0, 0xe2, 0x20, 0x7, 0xff, 0x7, 0x0,
    0x39, 0x0, 0x3f, 0xf8, 0x48, 0x1, 0xd8, 0x1,
    0xff, 0x8, 0x4, 0x60, 0x19, 0x0, 0x2, 0x1,
    0xf8, 0x84, 0x1, 0x60, 0x11, 0x8, 0x1, 0x0,
    0x3f, 0x94, 0x0, 0x80, 0x12, 0x80, 0x5a, 0x1,
    0xfd, 0x80, 0x3, 0x0, 0xb0, 0x0, 0x62, 0x1,
    0xfc, 0xa0, 0x12, 0x0, 0x10, 0x0, 0x80, 0x1f,
    0xe2, 0x10, 0x6, 0x81, 0x80, 0x58, 0x1, 0xff,
    0x20, 0x1, 0x2, 0xc0, 0x24, 0x0, 0xff, 0xb0,
    0x0, 0x42, 0x80, 0x3, 0x0, 0xff, 0xe0, 0x20,
    0x4, 0xe6, 0x0, 0xb0, 0xf, 0xfe, 0x1, 0x8,
    0x2, 0x0, 0x24, 0x0, 0xff, 0xe0, 0xa0, 0x0,
    0x40, 0x23, 0x0, 0xff, 0xe0, 0xe0, 0x7, 0x20,
    0x7, 0xff, 0x9, 0x0, 0x3b, 0x0, 0x3f, 0xf8,
    0x44, 0x20, 0x19, 0x0, 0x3f, 0xf8, 0x68, 0x1,
    0x8c, 0x3, 0xff, 0x87, 0x80, 0x12, 0x0, 0x7e,

    /* U+041D "Н" */
    0xff, 0xc2, 0x1, 0xf7, 0xfe, 0x10, 0xf, 0xff,
    0xf8, 0x7, 0xff, 0x4d, 0x9b, 0xf0, 0x7, 0xf4,
    0x4c, 0xfc, 0x1, 0xff, 0xdf, 0xef, 0xff, 0x80,
    0x3f, 0xff, 0xe0, 0x1f, 0xff, 0x60,

    /* U+041E "О" */
    0x0, 0xe2, 0x7c, 0xef, 0xf6, 0xdb, 0x88, 0x7,
    0xe1, 0xad, 0x83, 0x10, 0x1, 0x24, 0x74, 0x0,
    0x78, 0x71, 0x40, 0x3f, 0xcf, 0x60, 0x1d, 0xa4,
    0x1, 0x95, 0xdc, 0x80, 0x19, 0x28, 0x2, 0x73,
    0x0, 0x9b, 0xaa, 0x21, 0x7c, 0x80, 0x12, 0xa8,
    0x1, 0x0, 0x12, 0xc8, 0x80, 0x61, 0xb4, 0x0,
    0xa0, 0x10, 0x3, 0x58, 0x7, 0xe9, 0x0, 0x88,
    0x98, 0x1, 0x20, 0x80, 0x7e, 0x22, 0x0, 0x48,
    0x40, 0x16, 0x0, 0x7f, 0x9c, 0x2, 0xe1, 0x0,
    0x84, 0x3, 0xfc, 0x40, 0x10, 0xb8, 0x7, 0xff,
    0x8, 0x40, 0x33, 0x0, 0x5c, 0x1, 0xfe, 0x30,
    0x8, 0x48, 0x2, 0x30, 0xf, 0xf3, 0x80, 0x5d,
    0xa0, 0x12, 0x8, 0x7, 0xe3, 0x20, 0x9, 0x14,
    0x3, 0x50, 0x7, 0xef, 0x0, 0x88, 0x80, 0xe0,
    0x12, 0x50, 0x80, 0x61, 0xc3, 0x0, 0xa0, 0x1,
    0x6, 0x1, 0x2f, 0x5c, 0x42, 0xf8, 0xc0, 0x24,
    0x50, 0xb, 0x48, 0x3, 0x23, 0xb9, 0x0, 0x31,
    0xd8, 0x6, 0x1d, 0x60, 0xf, 0xf3, 0xe0, 0x7,
    0xd3, 0xb0, 0x82, 0x0, 0x14, 0x8e, 0x80, 0xc,

    /* U+041F "П" */
    0xef, 0xff, 0xfe, 0x18, 0x7, 0xff, 0x6e, 0x26,
    0x7e, 0x0, 0xfe, 0x56, 0x6f, 0x80, 0x3f, 0xff,
    0xe0, 0x1f, 0xff, 0xf0, 0xf, 0xff, 0xf8, 0x7,
    0xff, 0x5c,

    /* U+0420 "Р" */
    0xff, 0xfe, 0xed, 0xa3, 0x0, 0xff, 0xe0, 0x9,
    0x2e, 0x38, 0x7, 0xff, 0xe, 0x14, 0x3, 0xa2,
    0x65, 0xe, 0x80, 0x1a, 0xc0, 0x39, 0x9a, 0x78,
    0xb9, 0x0, 0x84, 0xc0, 0x3f, 0xcc, 0x20, 0x13,
    0x0, 0x7f, 0xc6, 0x1, 0xff, 0xc2, 0x22, 0x0,
    0x42, 0x1, 0xf8, 0x57, 0x0, 0x32, 0x0, 0x6e,
    0xff, 0xba, 0x84, 0x2, 0x70, 0xf, 0xfe, 0x12,
    0x40, 0x7, 0xff, 0x0, 0x62, 0xc0, 0x3d, 0x11,
    0x4c, 0xab, 0x39, 0xc0, 0x3e, 0x67, 0x73, 0x31,
    0x4c, 0x3, 0xff, 0xfe, 0x1, 0xff, 0xce,

    /* U+0421 "С" */
    0x0, 0xe2, 0x7c, 0xef, 0xf6, 0xca, 0x0, 0x7e,
    0x9d, 0x83, 0x10, 0x1, 0x35, 0xd8, 0x40, 0x30,
    0xe3, 0x0, 0x7f, 0x27, 0x88, 0x5, 0x46, 0x1,
    0x13, 0x3a, 0x88, 0x4, 0x3a, 0x0, 0x64, 0x0,
    0xa3, 0x66, 0x2b, 0x94, 0x2, 0x34, 0xb, 0x0,
    0x9d, 0xc0, 0x1d, 0x46, 0x1, 0x61, 0x10, 0x2,
    0x90, 0xf, 0xa2, 0x17, 0xf0, 0x80, 0x12, 0x8,
    0x7, 0xc8, 0xe8, 0x0, 0xe0, 0x8, 0x80, 0x3f,
    0xf8, 0x24, 0x1, 0x8, 0x7, 0xff, 0x4c, 0xc0,
    0x21, 0x0, 0xff, 0xe0, 0xf0, 0x4, 0xa0, 0x1f,
    0x89, 0x84, 0x0, 0x80, 0x11, 0x88, 0x7, 0xcb,
    0x3d, 0x6a, 0x62, 0x1, 0x48, 0x7, 0xd2, 0x0,
    0x42, 0x9, 0x0, 0x9d, 0xc0, 0x18, 0x6c, 0x40,
    0x26, 0x7, 0x30, 0xa, 0x36, 0x62, 0xb9, 0x0,
    0x27, 0x10, 0x6, 0x90, 0x4, 0x4c, 0xea, 0x1,
    0x92, 0x0, 0x21, 0xd5, 0x0, 0xfe, 0x6b, 0x0,
    0xf5, 0x6b, 0x98, 0x80, 0x9b, 0xec, 0x80, 0x40,

    /* U+0422 "Т" */
    0x6f, 0xff, 0xfe, 0x1c, 0x0, 0x7f, 0xf5, 0x92,
    0x67, 0x94, 0x2, 0x39, 0x9e, 0xb2, 0x66, 0xed,
    0x0, 0x95, 0x9b, 0x8c, 0x3, 0xff, 0xfe, 0x1,
    0xff, 0xff, 0x0, 0xff, 0xff, 0x80, 0x7f, 0xf4,
    0x80,

    /* U+0423 "У" */
    0xbf, 0xfb, 0x0, 0x3f, 0x7f, 0xe3, 0x80, 0x8,
    0xcc, 0x1, 0xe6, 0x0, 0x90, 0xcc, 0x80, 0x14,
    0x80, 0x7a, 0x80, 0x2f, 0x0, 0x48, 0x4, 0xa4,
    0x1, 0x88, 0xc0, 0x4, 0x80, 0x2, 0x50, 0xa,
    0xc0, 0x35, 0x80, 0x56, 0x1, 0xa0, 0x2, 0x61,
    0x0, 0x9c, 0x0, 0x2c, 0x1, 0x89, 0x80, 0x29,
    0x0, 0x28, 0x80, 0x24, 0x3, 0xd0, 0x1, 0x30,
    0x3, 0x80, 0x26, 0x0, 0xf0, 0xb8, 0x0, 0x58,
    0x90, 0x0, 0xc2, 0x1, 0xf4, 0x80, 0x57, 0x40,
    0x15, 0x80, 0x7e, 0x17, 0x0, 0x13, 0x80, 0x10,
    0x80, 0x3f, 0xa0, 0x40, 0x3a, 0x0, 0x3f, 0xe9,
    0x0, 0xc6, 0x60, 0xf, 0xf9, 0xc4, 0x2, 0x90,
    0xf, 0xfe, 0x9, 0x0, 0x9, 0x40, 0x3f, 0xf8,
    0x6, 0x60, 0x5, 0x80, 0x7f, 0xa, 0x21, 0xf4,
    0x0, 0x2c, 0x1, 0xfc, 0xf7, 0x68, 0x10, 0x5,
    0x0, 0x7f, 0xf1, 0x19, 0x0, 0x3f, 0xc4, 0x20,
    0x2, 0x99, 0x0, 0x7f, 0x0,

    /* U+0424 "Ф" */
    0x0, 0xfe, 0xff, 0xc0, 0x1f, 0xfd, 0x74, 0x9c,
    0xef, 0x0, 0xdf, 0xd9, 0x26, 0x1, 0xe2, 0xcb,
    0x63, 0x10, 0xf, 0x9, 0xb6, 0x58, 0x80, 0x43,
    0x86, 0x1, 0xff, 0xc2, 0x4c, 0x0, 0xa8, 0x40,
    0x24, 0x8a, 0x0, 0xd5, 0x6, 0x1, 0x14, 0x81,
    0xa0, 0x5, 0x76, 0x75, 0x0, 0xca, 0xf9, 0x40,
    0x13, 0xd, 0x80, 0x4c, 0x80, 0x1f, 0xe5, 0x50,
    0x4, 0xe6, 0x1, 0x68, 0x7, 0xff, 0x3, 0xc0,
    0x2f, 0x70, 0x9, 0x80, 0x3f, 0xf8, 0x2, 0x1,
    0x1b, 0x80, 0x42, 0x1, 0xff, 0xc0, 0x10, 0x8,
    0xc8, 0x2, 0x50, 0xf, 0xfe, 0x6, 0x80, 0x5d,
    0x80, 0x14, 0x8, 0x7, 0xf8, 0x98, 0x2, 0x45,
    0x10, 0x0, 0xfb, 0x10, 0x7, 0x89, 0xf4, 0x40,
    0x6, 0x60, 0xa0, 0x8, 0x67, 0x7c, 0x3, 0x7e,
    0xc0, 0x6, 0xf0, 0x2, 0x48, 0x7, 0xff, 0x12,
    0x8c, 0x2, 0x6d, 0x61, 0x0, 0xff, 0xb, 0x6a,
    0x80, 0x71, 0x4f, 0x6e, 0x50, 0x6, 0xbc, 0xee,
    0x49, 0x0, 0x7f, 0x11, 0xa8, 0x6, 0x43, 0x10,
    0xf, 0xfe, 0x80,

    /* U+0425 "Х" */
    0x1e, 0xff, 0xa8, 0x3, 0xc3, 0xdf, 0xf5, 0x80,
    0xc0, 0x4, 0xaa, 0x0, 0xe8, 0x10, 0xa, 0x80,
    0xc, 0x80, 0x15, 0x80, 0x63, 0x60, 0xa, 0x44,
    0x2, 0x90, 0x8, 0x64, 0x2, 0xf0, 0x8, 0xd8,
    0x3, 0x14, 0x0, 0x4c, 0x60, 0xc6, 0x1, 0x70,
    0x7, 0x9c, 0xc0, 0x2f, 0x19, 0x0, 0xa0, 0x80,
    0x3e, 0xe0, 0x8, 0xfc, 0x2, 0x27, 0x0, 0xfc,
    0x50, 0x1, 0x8, 0x5, 0xc0, 0x1f, 0xe7, 0x20,
    0xe, 0x63, 0x0, 0xff, 0xa0, 0x3, 0xc, 0x80,
    0x7f, 0xf0, 0x24, 0x3, 0xa, 0x0, 0x7f, 0xcc,
    0x60, 0x1d, 0x42, 0x1, 0xfc, 0x52, 0x1, 0xe1,
    0xb0, 0xf, 0xe9, 0x0, 0xce, 0x1, 0x2a, 0x0,
    0x7c, 0xc8, 0x1, 0x4c, 0x18, 0x5, 0x42, 0x1,
    0xc3, 0x20, 0x12, 0x30, 0x70, 0x4, 0x36, 0x1,
    0xd4, 0x1, 0xa4, 0x0, 0x50, 0x1, 0x2a, 0x0,
    0x4a, 0x80, 0x14, 0x10, 0x4, 0xe4, 0x1, 0x50,
    0x80, 0xd8, 0x4, 0x6e, 0x1, 0xdc, 0x1, 0xd,
    0x85, 0x88, 0x5, 0xe0, 0x1e, 0x36, 0x0, 0x95,
    0x0,

    /* U+0426 "Ц" */
    0xef, 0xf8, 0x80, 0x3e, 0xff, 0xc0, 0x1f, 0xff,
    0xf0, 0xf, 0xff, 0xf8, 0x7, 0xff, 0xfc, 0x3,
    0xff, 0xce, 0xac, 0xdf, 0x0, 0x66, 0x40, 0xd,
    0x13, 0x3f, 0x0, 0x69, 0xf0, 0xf, 0xfe, 0xc7,
    0x7f, 0xff, 0xf0, 0x54, 0x3, 0xff, 0xf7, 0xd3,
    0x2f,

    /* U+0427 "Ч" */
    0x4f, 0xfb, 0x0, 0x3e, 0x8f, 0xfa, 0x0, 0x3f,
    0xff, 0xe0, 0x1f, 0xfc, 0xf7, 0x0, 0x88, 0x3,
    0xff, 0x80, 0x40, 0x10, 0xa8, 0x7, 0x88, 0x3,
    0x9, 0x0, 0x55, 0x6e, 0xcf, 0x3c, 0xa0, 0x1d,
    0x20, 0x19, 0x22, 0x61, 0x84, 0x3, 0xc9, 0x20,
    0x1f, 0xfc, 0x46, 0xe8, 0x31, 0x0, 0x13, 0x5b,
    0x80, 0x7c, 0x2f, 0x9d, 0xfe, 0xd9, 0x40, 0xf,
    0xff, 0xf8, 0x7, 0xff, 0x50,

    /* U+0428 "Ш" */
    0xef, 0xf8, 0x80, 0x3b, 0xff, 0x0, 0x7b, 0xff,
    0x0, 0x7f, 0xff, 0xc0, 0x3f, 0xff, 0xe0, 0x1f,
    0xff, 0xf0, 0xf, 0xff, 0xf8, 0x7, 0xff, 0xfc,
    0x3, 0xa9, 0x9b, 0x38, 0x6, 0x66, 0xe7, 0x0,
    0xfe, 0x79, 0x9d, 0x0, 0x1a, 0x67, 0xa0, 0x3,
    0xff, 0xd6,

    /* U+0429 "Щ" */
    0xef, 0xf8, 0x80, 0x3b, 0xff, 0x0, 0x7b, 0xff,
    0x0, 0x7f, 0xff, 0xc0, 0x3f, 0xff, 0xe0, 0x1f,
    0xff, 0xf0, 0xf, 0xff, 0xf8, 0x7, 0xff, 0xfc,
    0x3, 0xff, 0x92, 0xac, 0xdc, 0x1, 0x99, 0xbc,
    0x1, 0x99, 0x40, 0x34, 0x4c, 0xf0, 0x6, 0x99,
    0xf0, 0x6, 0x98, 0x0, 0xff, 0xf4, 0x77, 0xff,
    0xff, 0x25, 0xc0, 0x3f, 0xff, 0xe0, 0x1f, 0xfd,
    0xb, 0x99, 0x40,

    /* U+042A "Ъ" */
    0xaf, 0xff, 0xe6, 0x0, 0xff, 0xf8, 0xf4, 0xcf,
    0x18, 0x7, 0xff, 0x15, 0x19, 0xbc, 0x1, 0xff,
    0xff, 0x0, 0xff, 0xe6, 0x4f, 0xff, 0xb6, 0x98,
    0x3, 0xff, 0x92, 0x4b, 0x3a, 0x20, 0x1f, 0xfc,
    0xa2, 0xc0, 0xf, 0xfe, 0x3, 0x4c, 0xf3, 0x90,
    0x4, 0x4e, 0x1, 0xff, 0x7b, 0x37, 0x46, 0xa8,
    0x5, 0x40, 0x1f, 0xfc, 0x79, 0x0, 0x88, 0x3,
    0xff, 0xbf, 0x20, 0x10, 0x80, 0x7f, 0xd8, 0xcd,
    0xd1, 0xaa, 0x1, 0x30, 0x7, 0xfc, 0xb3, 0x3c,
    0xe4, 0x1, 0xc, 0x80, 0x7f, 0xf2, 0x47, 0x4,
    0x3, 0xff, 0x8c, 0x26, 0xfe, 0x40, 0x0,

    /* U+042B "Ы" */
    0xdf, 0xf8, 0xc0, 0x3f, 0xf8, 0x59, 0xff, 0x20,
    0x7, 0xff, 0xfc, 0x3, 0xff, 0xfe, 0x1, 0xff,
    0xca, 0xcf, 0xfe, 0xed, 0x94, 0x0, 0xff, 0xe4,
    0x9, 0x35, 0xd8, 0x3, 0xff, 0x96, 0x94, 0x1,
    0xff, 0xc0, 0x79, 0x9d, 0xc, 0x20, 0x12, 0xa0,
    0x7, 0xfd, 0x6c, 0xd9, 0xe7, 0x88, 0x2, 0xe0,
    0xf, 0xfe, 0x3d, 0x80, 0x4e, 0x1, 0xff, 0xdf,
    0xb0, 0x9, 0x80, 0x3f, 0xeb, 0x66, 0xcf, 0x1c,
    0x40, 0x16, 0x80, 0x7f, 0xcf, 0x33, 0xa1, 0xc4,
    0x2, 0x36, 0x0, 0xff, 0xe4, 0x96, 0x80, 0x7f,
    0xf1, 0xc4, 0xe3, 0x44, 0x3, 0xf0,

    /* U+042C "Ь" */
    0xef, 0xf8, 0x80, 0x3f, 0xff, 0xe0, 0x1f, 0xff,
    0xd, 0xff, 0xf6, 0xd2, 0x0, 0x7f, 0xf0, 0x89,
    0x6e, 0xc0, 0x1f, 0xfc, 0x44, 0xa0, 0xe, 0x89,
    0x9d, 0xc, 0x20, 0x12, 0xa0, 0x6, 0x56, 0x6c,
    0xf3, 0xe4, 0x1, 0x70, 0x7, 0xfc, 0x34, 0x1,
    0x30, 0x7, 0xff, 0x0, 0x40, 0x3f, 0xf8, 0x63,
    0x60, 0x13, 0x0, 0x6a, 0x66, 0xcf, 0x1e, 0x40,
    0x17, 0x80, 0x67, 0x99, 0xd0, 0xe2, 0x1, 0x1a,
    0x80, 0x7f, 0xf0, 0x8b, 0x40, 0x3f, 0xf8, 0x2,
    0x93, 0xa2, 0x0,

    /* U+042D "Э" */
    0x0, 0xc9, 0x5b, 0xfe, 0xec, 0x83, 0x0, 0xf8,
    0xb2, 0xd4, 0x80, 0x2, 0x6f, 0x94, 0x1, 0xc5,
    0x86, 0x1, 0xfc, 0xba, 0x20, 0x17, 0x88, 0x4,
    0x2a, 0xea, 0x20, 0x11, 0x50, 0x1, 0x88, 0x2,
    0x6e, 0xa8, 0xae, 0x80, 0x9, 0x18, 0x0, 0x40,
    0x4, 0x90, 0xe, 0x76, 0x0, 0xac, 0x1b, 0x7f,
    0x28, 0x3, 0xe9, 0x0, 0x88, 0xc0, 0x23, 0x10,
    0xf, 0xc8, 0x1, 0x20, 0x7, 0xdb, 0xff, 0xc8,
    0x1, 0x70, 0x7, 0xff, 0x14, 0xc0, 0x3f, 0xf8,
    0xa2, 0x1, 0xf4, 0x4c, 0xf1, 0x80, 0x42, 0x0,
    0x27, 0x30, 0x2, 0xb3, 0x70, 0x6, 0x26, 0xdd,
    0x45, 0x80, 0x7c, 0x26, 0x1, 0x67, 0x10, 0x1,
    0x84, 0x3, 0xd0, 0x1, 0xa, 0x50, 0x4, 0x3a,
    0x20, 0x19, 0xd8, 0x2, 0x90, 0x26, 0x0, 0x8f,
    0xa9, 0xe3, 0x60, 0x2, 0x37, 0x0, 0x49, 0x80,
    0x65, 0x87, 0x20, 0x8, 0xb8, 0x3, 0x62, 0x80,
    0x7f, 0x26, 0x10, 0x7, 0x56, 0x31, 0x88, 0x0,
    0x9b, 0x2c, 0x40, 0x20,

    /* U+042E "Ю" */
    0xff, 0xc2, 0x1, 0xf2, 0x4e, 0xf7, 0xf6, 0x41,
    0x80, 0x7f, 0xf0, 0xcb, 0x6d, 0x88, 0x40, 0x4d,
    0xf2, 0x84, 0x3, 0xff, 0x80, 0x7a, 0x40, 0x1f,
    0xcb, 0x82, 0x1, 0xfe, 0x1d, 0x0, 0xc2, 0xac,
    0x80, 0x18, 0xb4, 0x3, 0xfd, 0x2, 0x1, 0x47,
    0x54, 0xdf, 0x28, 0x4, 0x6c, 0x1, 0xf8, 0x58,
    0x2, 0x87, 0x0, 0xc3, 0x48, 0x1, 0x58, 0x7,
    0xe4, 0x0, 0x85, 0xc0, 0x3e, 0x90, 0x8, 0x88,
    0x1, 0xf6, 0x80, 0x48, 0x1, 0xf8, 0x88, 0x1,
    0x38, 0x6, 0xef, 0xf3, 0x80, 0x5a, 0x1, 0xfc,
    0xe0, 0x11, 0x0, 0x7f, 0xc2, 0x1, 0xfc, 0x60,
    0x17, 0x80, 0x7f, 0xf2, 0x4c, 0x3, 0xf4, 0x4c,
    0x8c, 0x2, 0xe0, 0xf, 0xe1, 0x0, 0xbc, 0x3,
    0x33, 0x56, 0x1, 0x10, 0x7, 0xf3, 0x0, 0x44,
    0x1, 0xf2, 0x0, 0x4a, 0x1, 0xf8, 0x88, 0x1,
    0x38, 0x7, 0xc6, 0x20, 0x13, 0x80, 0x7d, 0x60,
    0x11, 0x10, 0x3, 0xf4, 0x80, 0x50, 0xa0, 0x1c,
    0xcc, 0x0, 0xac, 0x3, 0xf9, 0xcc, 0x2, 0xac,
    0x86, 0x8c, 0x90, 0x9, 0x18, 0x3, 0xfd, 0xc2,
    0x1, 0x1b, 0xcb, 0x98, 0x4, 0x54, 0x1, 0xff,
    0x16, 0x18, 0x7, 0xf2, 0x60, 0x80, 0x7f, 0xf0,
    0xb, 0x29, 0x48, 0x2, 0x26, 0xbb, 0x8, 0x4,

    /* U+042F "Я" */
    0x0, 0xc9, 0x5b, 0xdf, 0xff, 0xe1, 0x0, 0xa6,
    0xd4, 0x84, 0x3, 0xff, 0x82, 0xec, 0x1, 0xff,
    0xc5, 0x90, 0xc, 0xd1, 0x33, 0xc0, 0x1e, 0x31,
    0x0, 0xb2, 0x5d, 0x9b, 0x80, 0x3c, 0xe0, 0x10,
    0x98, 0x7, 0xff, 0x5, 0xc0, 0x21, 0x10, 0x7,
    0xff, 0x4, 0xc4, 0x2, 0xa3, 0x0, 0xff, 0xe0,
    0xd8, 0x4, 0x99, 0xff, 0xe0, 0xf, 0x96, 0x40,
    0x3f, 0xf8, 0xcd, 0xd2, 0x80, 0x1f, 0xfc, 0x41,
    0x56, 0x0, 0x8a, 0x6f, 0x0, 0x3f, 0x8f, 0x8,
    0x0, 0x5a, 0xc8, 0x60, 0x1f, 0x87, 0x40, 0x37,
    0x80, 0x7f, 0xf0, 0x20, 0x40, 0x29, 0x20, 0xf,
    0xf9, 0x18, 0x2, 0x36, 0x0, 0xff, 0xe0, 0x48,
    0x6, 0xe0, 0xf, 0xfe, 0x3, 0x90, 0x5, 0x4,
    0x1, 0xff, 0xc, 0x0, 0x44, 0xe0, 0x1f, 0xfc,
    0xb, 0x0, 0xdc, 0x1, 0xff, 0xc1,

    /* U+0430 "а" */
    0x0, 0xc, 0x67, 0x7f, 0xba, 0xd4, 0x3, 0x1f,
    0xb9, 0x88, 0x0, 0x52, 0xac, 0x2, 0xe1, 0x0,
    0xfc, 0x8c, 0xc, 0x40, 0x5, 0xef, 0xe6, 0x0,
    0xb0, 0x1e, 0x9d, 0x68, 0x40, 0x64, 0x2, 0x60,
    0x15, 0x8a, 0x0, 0x8d, 0xc0, 0x3f, 0x24, 0x67,
    0xe4, 0x0, 0x79, 0x7a, 0xdc, 0xc0, 0x2, 0x1,
    0xc9, 0x42, 0x0, 0x59, 0xde, 0x0, 0xe8, 0x0,
    0xb2, 0x98, 0x80, 0x3c, 0x60, 0x1, 0x30, 0x8,
    0xc0, 0x38, 0x40, 0x2, 0xa0, 0x2, 0xe0, 0xe,
    0x40, 0xa, 0xb7, 0x62, 0x0, 0x84, 0x2c, 0x40,
    0x22, 0x20, 0x9, 0x80, 0x8, 0x45, 0xee, 0x40,
    0x2, 0x7f, 0x90, 0x9, 0xc0,

    /* U+0431 "б" */
    0x0, 0xc9, 0x39, 0xdf, 0xfe, 0x60, 0x8, 0x72,
    0xd8, 0xc4, 0x3, 0xce, 0x0, 0x1f, 0x30, 0xf,
    0x85, 0x2c, 0x40, 0x10, 0x20, 0x33, 0xbd, 0xff,
    0x75, 0xa0, 0x4, 0xc0, 0x5e, 0xc4, 0x20, 0x1f,
    0x90, 0x1, 0x2, 0xb7, 0xdf, 0xb2, 0x20, 0x18,
    0xc0, 0x9, 0x74, 0x82, 0x4, 0xdc, 0xa0, 0x16,
    0x80, 0xc2, 0x0, 0x7d, 0x48, 0x1, 0x85, 0x80,
    0xab, 0xb1, 0x0, 0x2a, 0x10, 0x10, 0xd, 0x8a,
    0x27, 0x66, 0x0, 0x19, 0x0, 0xe7, 0x10, 0xd,
    0x0, 0x12, 0x80, 0x76, 0x0, 0x72, 0x0, 0x44,
    0x4, 0x1, 0x38, 0x7, 0x84, 0x2, 0x11, 0x0,
    0x4c, 0x1, 0xe1, 0x0, 0x87, 0x40, 0x2c, 0x0,
    0xe5, 0x0, 0x88, 0x10, 0x2, 0x62, 0x0, 0xd0,
    0x1, 0x50, 0xa, 0x80, 0x58, 0xe6, 0xba, 0x40,
    0x1, 0x70, 0x5, 0x88, 0x0, 0x63, 0x28, 0x80,
    0x2a, 0x0, 0x87, 0x8, 0x3, 0xe1, 0xb4, 0x0,
    0xc5, 0xb2, 0x82, 0x2, 0x71, 0xc8, 0x1, 0x0,

    /* U+0432 "в" */
    0xff, 0xfe, 0xec, 0x60, 0xf, 0xfe, 0x0, 0x9c,
    0xd8, 0x7, 0xa2, 0x27, 0x40, 0x9, 0x14, 0x3,
    0xb, 0xbd, 0x16, 0xe0, 0x16, 0x80, 0x7f, 0xb0,
    0x3, 0xff, 0x85, 0x80, 0x16, 0x80, 0x61, 0x55,
    0x9e, 0xdc, 0x0, 0x6a, 0x1, 0xd5, 0x54, 0x20,
    0x1, 0x70, 0x3, 0xff, 0x82, 0xb4, 0x1, 0xc3,
    0xff, 0x76, 0x28, 0x1, 0x64, 0x3, 0xf0, 0x9d,
    0x0, 0x4c, 0x1, 0xfe, 0x20, 0xc, 0x20, 0x10,
    0xbb, 0xd1, 0x58, 0x1, 0x8, 0x80, 0x34, 0x44,
    0xea, 0x20, 0x15, 0x80, 0x7f, 0xc2, 0xb8, 0xa0,

    /* U+0433 "г" */
    0x2f, 0xff, 0xea, 0x0, 0xff, 0xe7, 0x26, 0xef,
    0x58, 0x7, 0x11, 0x70, 0x80, 0x7f, 0xff, 0xc0,
    0x3f, 0xfa, 0xe0,

    /* U+0434 "д" */
    0x0, 0xc5, 0xff, 0xff, 0x48, 0x7, 0xff, 0x34,
    0x40, 0x3f, 0xf8, 0xce, 0x1, 0x5e, 0x65, 0x40,
    0x1f, 0xe1, 0x0, 0x90, 0xce, 0x60, 0xf, 0xf1,
    0x0, 0x7f, 0xf1, 0xb8, 0x0, 0x20, 0x1f, 0xfc,
    0x32, 0x0, 0x28, 0x7, 0xff, 0xd, 0x0, 0x6,
    0x1, 0xff, 0xc2, 0x40, 0xb, 0x0, 0x3f, 0xf8,
    0x5e, 0x0, 0x14, 0x0, 0xff, 0xe0, 0x12, 0xa0,
    0x1, 0x88, 0xb9, 0x80, 0x23, 0x20, 0x1d, 0xa0,
    0x9, 0xf7, 0x7a, 0x80, 0x25, 0xd2, 0x0, 0xff,
    0xef, 0x7f, 0xff, 0xc0, 0x1f, 0xfd, 0xf1, 0x18,
    0x3, 0xfe, 0x21, 0x11, 0x80,

    /* U+0435 "е" */
    0x0, 0xc9, 0x5d, 0xfd, 0x8c, 0x1, 0xf4, 0xda,
    0x88, 0x9, 0xce, 0x90, 0x6, 0x96, 0x0, 0xf8,
    0xb0, 0x40, 0x6, 0xc0, 0x1, 0xbf, 0xe6, 0x0,
    0xc, 0x0, 0x24, 0x2, 0xa4, 0x1, 0x93, 0x0,
    0x38, 0x1, 0x0, 0x24, 0x0, 0xd6, 0x0, 0x13,
    0x1, 0x0, 0xbf, 0xfa, 0x0, 0x26, 0x10, 0xf,
    0xfe, 0x9, 0x88, 0x4, 0x33, 0x3f, 0xc8, 0x2,
    0x0, 0x16, 0x6f, 0xe2, 0x4, 0x0, 0x98, 0x3,
    0x66, 0xd4, 0x8, 0x70, 0x5, 0x2a, 0x0, 0x73,
    0x25, 0x50, 0x82, 0x28, 0x5, 0x5f, 0xe8, 0x0,
    0xa4, 0x2, 0xa5, 0x0, 0xfd, 0x28, 0x1, 0xaa,
    0xd4, 0x40, 0x4, 0xda, 0xc0, 0x0,

    /* U+0436 "ж" */
    0x8, 0xff, 0x59, 0x80, 0x5f, 0xf6, 0x80, 0x49,
    0x9f, 0xe6, 0x0, 0xc9, 0x82, 0x1, 0xf8, 0xec,
    0xc0, 0x36, 0xa8, 0x80, 0x20, 0x3, 0xf4, 0x0,
    0x5, 0x54, 0xb, 0x58, 0x0, 0x70, 0xf, 0x85,
    0x0, 0x1f, 0x46, 0x1, 0x12, 0x0, 0xa8, 0x7,
    0x98, 0x0, 0xc2, 0x1, 0xee, 0x0, 0x48, 0x7,
    0xc, 0x80, 0x28, 0x3, 0xe5, 0x40, 0x3f, 0x0,
    0x8b, 0x84, 0x18, 0xc0, 0x3f, 0x78, 0x7, 0xf0,
    0xd0, 0x7, 0xe6, 0xb0, 0x2, 0x0, 0x63, 0x1,
    0xc4, 0x0, 0xf1, 0xc8, 0x1, 0xac, 0x2, 0x2c,
    0x40, 0x5, 0x8, 0x7, 0x78, 0x5, 0x0, 0x1e,
    0x90, 0x0, 0xc0, 0x6, 0x43, 0x0, 0x30, 0x80,
    0x78, 0x90, 0x0, 0xc4, 0x1, 0x40, 0x5, 0x60,
    0x1f, 0xbc, 0x2, 0x80, 0x2, 0x18, 0x1, 0x8,
    0x3, 0xf2, 0x10, 0x1, 0x48, 0x20, 0x2, 0xe0,
    0xf, 0xf5, 0x0, 0x50,

    /* U+0437 "з" */
    0x0, 0x92, 0xb7, 0xfd, 0xb0, 0x20, 0x1a, 0xad,
    0x48, 0x0, 0x4f, 0xe6, 0x0, 0x85, 0x0, 0x12,
    0x10, 0x0, 0x78, 0x0, 0x80, 0x4, 0xdb, 0xd5,
    0x0, 0x11, 0x3, 0x3f, 0x28, 0x2, 0xc0, 0xf,
    0x8c, 0x40, 0x7, 0x60, 0x4, 0x20, 0xe, 0x1f,
    0xc2, 0x5, 0xb0, 0xf, 0xf8, 0x84, 0x3, 0xc2,
    0xea, 0x0, 0x7c, 0x10, 0xf, 0x45, 0x58, 0x0,
    0xa0, 0x9a, 0x6c, 0x40, 0x24, 0x0, 0x95, 0x25,
    0x92, 0xc0, 0x26, 0x0, 0x9d, 0x84, 0x0, 0xbb,
    0x59, 0x20, 0x17, 0x6, 0x8, 0x0, 0x94, 0xc0,
    0x27, 0x50, 0x2e, 0x83, 0x10, 0x1, 0x36, 0x40,
    0x0,

    /* U+0438 "и" */
    0x1f, 0xfa, 0x40, 0x3b, 0x3f, 0xe4, 0x0, 0xfe,
    0x63, 0x0, 0xff, 0xe0, 0xc, 0x80, 0x7f, 0xf0,
    0x6c, 0x3, 0xff, 0x82, 0x8a, 0x1, 0xff, 0xc1,
    0xa0, 0x0, 0x80, 0x7f, 0xa0, 0x40, 0xa4, 0x3,
    0xf8, 0xdc, 0x1, 0x22, 0x1, 0xfd, 0xe0, 0x5,
    0x40, 0xf, 0xe6, 0x30, 0x5, 0x80, 0x7f, 0xf0,
    0x64, 0x40, 0x3f, 0xf8, 0x6, 0xc0, 0x1f, 0xfc,
    0x1e, 0x0, 0xff, 0xe0, 0xb9, 0x0, 0x7f, 0xf0,
    0x6, 0x0, 0x3f, 0x80,

    /* U+0439 "й" */
    0x0, 0x9b, 0xe8, 0x80, 0xb, 0xfa, 0x1, 0xe6,
    0x25, 0xdf, 0xf5, 0x4, 0x0, 0x7d, 0x8c, 0x20,
    0x3, 0xb5, 0x0, 0xf8, 0x67, 0xbf, 0xd8, 0x80,
    0x1f, 0xfc, 0x71, 0xff, 0xa4, 0x3, 0xb3, 0xfe,
    0x40, 0xf, 0xe6, 0x30, 0xf, 0xfe, 0x0, 0xc8,
    0x7, 0xff, 0x6, 0xc0, 0x3f, 0xf8, 0x28, 0xa0,
    0x1f, 0xfc, 0x1a, 0x0, 0x8, 0x7, 0xfa, 0x4,
    0xa, 0x40, 0x3f, 0x8d, 0xc0, 0x12, 0x20, 0x1f,
    0xde, 0x0, 0x54, 0x0, 0xfe, 0x63, 0x0, 0x58,
    0x7, 0xff, 0x6, 0x44, 0x3, 0xff, 0x80, 0x6c,
    0x1, 0xff, 0xc1, 0xe0, 0xf, 0xfe, 0xb, 0x90,
    0x7, 0xff, 0x0, 0x60, 0x3, 0xf8,

    /* U+043A "к" */
    0x2f, 0xfa, 0xc0, 0x24, 0xcf, 0xf3, 0x0, 0x7e,
    0x2b, 0x30, 0xf, 0xfa, 0x0, 0x4, 0xca, 0x1,
    0xf0, 0xa8, 0x3, 0x24, 0xc0, 0x3e, 0x60, 0x2,
    0x88, 0x7, 0xe2, 0x90, 0x4, 0x80, 0x7e, 0x4d,
    0x10, 0x63, 0x0, 0xff, 0xe0, 0x68, 0x7, 0xf1,
    0x20, 0x2, 0xd8, 0x3, 0xf3, 0x5a, 0x80, 0x24,
    0x80, 0x3f, 0xac, 0x2, 0x90, 0xf, 0xe1, 0x50,
    0x2, 0x18, 0x7, 0xf4, 0x80, 0x50, 0x1, 0xfc,
    0x66, 0x0, 0x22, 0x0, 0x3f, 0xa4, 0x2, 0x80,

    /* U+043B "л" */
    0x0, 0xbf, 0xff, 0xf8, 0x1c, 0x1, 0xff, 0xda,
    0x2d, 0xde, 0x10, 0xf, 0xf1, 0x17, 0x0, 0x7f,
    0xff, 0xc0, 0x3f, 0xf9, 0xc2, 0xa0, 0x13, 0x0,
    0x7f, 0x57, 0x50, 0x4, 0x40, 0x1f, 0xfc, 0x3b,
    0x0, 0xff, 0xe0, 0x95, 0x90, 0x7, 0xf0,

    /* U+043C "м" */
    0xef, 0xfc, 0x20, 0x1c, 0x3f, 0xfb, 0x80, 0x39,
    0xc0, 0x39, 0xc0, 0x3f, 0xda, 0x1, 0xda, 0x1,
    0xfe, 0x41, 0x0, 0x85, 0x0, 0x3f, 0xe7, 0x0,
    0x98, 0x3, 0xf8, 0x80, 0x14, 0x1, 0x58, 0x0,
    0x80, 0x3c, 0xa0, 0x3, 0x10, 0x23, 0x0, 0x28,
    0x7, 0xb8, 0xc0, 0xc, 0xa, 0x0, 0x4e, 0x0,
    0xfa, 0xc0, 0x16, 0x14, 0x0, 0xd0, 0xf, 0xcc,
    0x0, 0x35, 0x20, 0x3, 0x0, 0x7e, 0x13, 0x0,
    0x58, 0x1, 0x40, 0x3f, 0xd4, 0x0, 0x10, 0x7,
    0x80, 0x7f, 0x9c, 0x3, 0xa, 0x80, 0x7f, 0x85,
    0x0, 0x27, 0x0, 0xff, 0xe0, 0x68, 0x5, 0x40,
    0x1e,

    /* U+043D "н" */
    0x2f, 0xfa, 0xc0, 0x3b, 0x3f, 0xe0, 0xf, 0xff,
    0xb1, 0x17, 0x8, 0x7, 0xe4, 0xdd, 0xe2, 0x0,
    0xff, 0xed, 0x27, 0xff, 0x18, 0x7, 0xff, 0xfc,
    0x3, 0x0,

    /* U+043E "о" */
    0x0, 0xcb, 0x7b, 0xfd, 0x8e, 0x1, 0xf1, 0x6d,
    0x21, 0x0, 0x9c, 0x72, 0x0, 0x62, 0xd2, 0x0,
    0xf8, 0x6d, 0x40, 0x2f, 0x0, 0x8a, 0xb6, 0xd0,
    0x2, 0xa1, 0x4, 0x20, 0x1, 0x62, 0x92, 0x5a,
    0x0, 0x52, 0x1c, 0x1, 0x58, 0x80, 0x69, 0x0,
    0x94, 0x18, 0x2, 0x40, 0xe, 0x21, 0x0, 0x10,
    0x8, 0x4, 0x60, 0x1e, 0x30, 0x8, 0x44, 0x1,
    0x18, 0x7, 0x8c, 0x2, 0x16, 0x0, 0x90, 0x3,
    0x88, 0x40, 0x4, 0x1c, 0x1, 0x58, 0x80, 0x69,
    0x0, 0x94, 0x10, 0x80, 0x5, 0x8a, 0x49, 0x68,
    0x0, 0x19, 0x0, 0x70, 0x4, 0x55, 0xb6, 0x80,
    0x15, 0x8, 0x0, 0xf0, 0x80, 0x3e, 0x1b, 0x40,
    0xc, 0x7b, 0x48, 0x40, 0x27, 0x1c, 0x80, 0x10,

    /* U+043F "п" */
    0x2f, 0xff, 0xfe, 0x6, 0x0, 0x7f, 0xf5, 0x13,
    0x77, 0x60, 0x7, 0xf1, 0x17, 0x0, 0x7f, 0xff,
    0xc0, 0x3f, 0xff, 0x20,

    /* U+0440 "р" */
    0x1f, 0xf9, 0xc1, 0x73, 0xbf, 0x18, 0x3, 0xf7,
    0xd5, 0xc, 0x40, 0xe6, 0xc0, 0x3e, 0x65, 0x0,
    0xf2, 0x50, 0x7, 0x84, 0x23, 0xb5, 0xc0, 0x25,
    0x40, 0xf, 0x4b, 0x89, 0x43, 0x80, 0x5c, 0x1,
    0xc2, 0xc0, 0x1a, 0x40, 0x24, 0x0, 0xe2, 0x0,
    0xe1, 0x10, 0x0, 0x40, 0x39, 0xc0, 0x3c, 0x60,
    0x1f, 0x9c, 0x3, 0xc6, 0x1, 0xf8, 0xc0, 0x38,
    0x44, 0x0, 0x20, 0xf, 0x38, 0x6, 0x90, 0x9,
    0xc0, 0x3d, 0x10, 0x22, 0x43, 0x80, 0x52, 0x1,
    0xf3, 0xee, 0x9c, 0x2, 0x53, 0x0, 0xe3, 0x60,
    0xf, 0x25, 0x0, 0x7d, 0x34, 0x60, 0x3, 0x9b,
    0x0, 0xfe, 0x5c, 0xff, 0x63, 0x0, 0x7f, 0xff,
    0xc0, 0x3f, 0x80,

    /* U+0441 "с" */
    0x0, 0x86, 0x37, 0xfd, 0xd6, 0xa0, 0x1c, 0xdc,
    0xe4, 0x0, 0x14, 0xac, 0x10, 0x2, 0xc8, 0x7,
    0xe3, 0xa0, 0x5, 0x80, 0x4b, 0x9d, 0x42, 0x0,
    0x44, 0x30, 0x80, 0x16, 0x8c, 0x56, 0x0, 0x6,
    0x38, 0x1, 0x70, 0x6, 0x6d, 0xfc, 0x56, 0x0,
    0x98, 0x3, 0x88, 0x2, 0x10, 0x8, 0xc0, 0x3f,
    0x84, 0x2, 0x30, 0xf, 0xe6, 0x0, 0x9c, 0x3,
    0xb2, 0x5c, 0xf0, 0x2, 0x90, 0xc, 0xc6, 0xd1,
    0x2c, 0x20, 0x3, 0xb4, 0x37, 0x90, 0xb, 0x82,
    0xc0, 0x24, 0xbc, 0x80, 0x9, 0x10, 0xb, 0x20,
    0x1f, 0x92, 0xc0, 0x26, 0xd7, 0x20, 0x0, 0xa5,
    0x58, 0x0,

    /* U+0442 "т" */
    0xbf, 0xff, 0xfe, 0x3, 0x0, 0x7f, 0xf4, 0x2b,
    0x76, 0xc0, 0x8, 0xf7, 0x73, 0x9, 0x16, 0x0,
    0xc4, 0x58, 0x3, 0xff, 0xfe, 0x1, 0xff, 0xf6,

    /* U+0443 "у" */
    0xaf, 0xf9, 0xc0, 0x3d, 0xff, 0x70, 0x70, 0x5,
    0x60, 0x1c, 0xa0, 0x13, 0x82, 0x8, 0x0, 0xc4,
    0x3, 0x78, 0x5, 0x40, 0x6, 0x0, 0x9c, 0x3,
    0x28, 0x0, 0x8c, 0x1, 0x40, 0x16, 0x80, 0x48,
    0x1, 0x28, 0x4, 0x46, 0x0, 0x41, 0x0, 0x68,
    0x5, 0x40, 0x1a, 0x80, 0x27, 0x0, 0x38, 0x0,
    0xc8, 0x3, 0x38, 0x5, 0xa0, 0x82, 0x0, 0xb0,
    0xe, 0x14, 0x0, 0x20, 0xe8, 0x4, 0xc0, 0x1e,
    0xe0, 0x9, 0xdc, 0x0, 0x41, 0x0, 0xf2, 0x88,
    0x2, 0xc4, 0x1, 0xa0, 0x1f, 0x9c, 0x0, 0x40,
    0x13, 0x0, 0x7e, 0xa0, 0xe, 0x50, 0xf, 0xe3,
    0x20, 0xd, 0xc0, 0x1f, 0xea, 0x0, 0x85, 0x0,
    0x3f, 0xf8, 0x4e, 0x1, 0xff, 0x50, 0x5, 0x40,
    0x1f, 0x19, 0x1d, 0x90, 0x0, 0x8c, 0x3, 0xef,
    0xdc, 0x40, 0xa, 0x0, 0x3f, 0x30, 0x7, 0x32,
    0x80, 0x7e, 0xd1, 0x1, 0x39, 0x90, 0x7, 0xe0,

    /* U+0444 "ф" */
    0x0, 0xfe, 0xaf, 0xf8, 0x80, 0x3f, 0xff, 0xe0,
    0x1f, 0xfd, 0x14, 0xcf, 0xe8, 0x0, 0xf1, 0xdf,
    0x7d, 0x98, 0x7, 0x3d, 0x98, 0xb, 0xe0, 0x80,
    0x4b, 0x88, 0x20, 0x98, 0x80, 0x12, 0xc0, 0x7,
    0x1a, 0x0, 0x50, 0x1, 0xea, 0x10, 0x5, 0x80,
    0x4f, 0xfa, 0x40, 0x1c, 0xff, 0xa4, 0x0, 0x19,
    0x6, 0x10, 0x1, 0xc0, 0x17, 0x80, 0x63, 0x80,
    0x2e, 0x0, 0x98, 0x30, 0x2, 0xa0, 0x8, 0x8c,
    0x2, 0xa0, 0x8, 0xc8, 0x0, 0x24, 0xc0, 0x12,
    0x80, 0x66, 0x0, 0x94, 0x3, 0x38, 0x4, 0xc2,
    0x1, 0x8, 0x6, 0x30, 0x8, 0x40, 0x31, 0x80,
    0x42, 0x20, 0x8, 0x40, 0x31, 0x0, 0x42, 0x1,
    0x88, 0x2, 0x16, 0x0, 0x94, 0x3, 0x30, 0x4,
    0xc0, 0x19, 0x40, 0x26, 0xc0, 0xa, 0x80, 0x24,
    0x20, 0xa, 0x40, 0x24, 0x10, 0x0, 0x93, 0x80,
    0x46, 0xe0, 0x52, 0x1, 0x8e, 0x0, 0xa8, 0x2,
    0x60, 0x17, 0x0, 0xa3, 0xf4, 0x80, 0x39, 0xff,
    0x44, 0x0, 0x30, 0x0, 0x84, 0x0, 0xe3, 0x40,
    0x9, 0xc0, 0x38, 0x70, 0x3, 0x5c, 0x10, 0x14,
    0x60, 0x80, 0x55, 0x88, 0x2, 0xde, 0x40, 0x1c,
    0xfb, 0xfa, 0xe0, 0x1e, 0x3b, 0xfe, 0x91, 0x0,
    0xff, 0xff, 0x80, 0x7f, 0xf7, 0xc0,

    /* U+0445 "х" */
    0x4f, 0xfc, 0xc0, 0x10, 0xf7, 0xfd, 0x0, 0x8c,
    0x1, 0x40, 0x80, 0x2c, 0x40, 0x7, 0x0, 0x9,
    0x20, 0x0, 0xd8, 0x22, 0x80, 0x5c, 0x1, 0xb8,
    0x2, 0x55, 0x50, 0x5, 0x24, 0x1, 0x8d, 0xc0,
    0x2a, 0x10, 0x2, 0x30, 0x7, 0xa0, 0xc0, 0x38,
    0x68, 0x3, 0xf7, 0x0, 0x75, 0x88, 0x7, 0xe2,
    0x30, 0xc, 0xc0, 0x1f, 0xcc, 0x60, 0x1b, 0x80,
    0x3f, 0x14, 0x80, 0x71, 0x48, 0x7, 0xdc, 0x1,
    0x20, 0x4, 0xc8, 0x1, 0xce, 0x60, 0x2, 0xb5,
    0x0, 0xa4, 0x3, 0x14, 0x0, 0x52, 0x16, 0x20,
    0x2, 0x90, 0xb, 0x80, 0x26, 0x40, 0x1b, 0x0,
    0x99, 0x1, 0xcc, 0x0, 0x30, 0x1, 0x2a, 0x0,
    0x54, 0x20,

    /* U+0446 "ц" */
    0x2f, 0xfa, 0xc0, 0x3b, 0x3f, 0xe0, 0xf, 0xff,
    0xf8, 0x7, 0xff, 0xfc, 0x3, 0xff, 0x88, 0xe4,
    0x5c, 0x20, 0x11, 0x8, 0x6, 0x3d, 0xde, 0x20,
    0xb, 0x60, 0x3, 0xff, 0xa8, 0x5f, 0xff, 0xf3,
    0x80, 0x7f, 0xf8, 0xfc, 0x45, 0xc0,

    /* U+0447 "ч" */
    0x7f, 0xf9, 0xc0, 0x33, 0x7f, 0xce, 0x1, 0xff,
    0xd0, 0x10, 0xf, 0xfe, 0x79, 0x0, 0x5a, 0x1,
    0xfc, 0x80, 0x12, 0xc0, 0x81, 0x60, 0x7, 0x38,
    0x4, 0xfd, 0xfa, 0xa0, 0x1d, 0xe, 0x1, 0xff,
    0xc1, 0x8e, 0x86, 0x57, 0xa8, 0x0, 0xf8, 0x5e,
    0x6a, 0x14, 0x40, 0x3f, 0xfe, 0x0,

    /* U+0448 "ш" */
    0x1f, 0xf9, 0xc0, 0x21, 0xff, 0x9c, 0x2, 0x1f,
    0xf9, 0x80, 0x3f, 0xff, 0xe0, 0x1f, 0xff, 0xf0,
    0xf, 0xff, 0xa7, 0x91, 0x60, 0xb, 0xc8, 0xb0,
    0x7, 0xe7, 0xdd, 0xb0, 0x2, 0x7d, 0xdb, 0x0,
    0x3f, 0xfc, 0x40,

    /* U+0449 "щ" */
    0x1f, 0xf9, 0xc0, 0x21, 0xff, 0x98, 0x2, 0x1f,
    0xf9, 0xc0, 0x3f, 0xff, 0xe0, 0x1f, 0xff, 0xf0,
    0xf, 0xff, 0xf8, 0x7, 0xfd, 0xe4, 0x58, 0x2,
    0xe2, 0x2c, 0x1, 0x79, 0x0, 0x73, 0xee, 0xd8,
    0x1, 0x3e, 0xed, 0x80, 0x13, 0xe8, 0x7, 0xff,
    0x8c, 0x7f, 0xff, 0xf8, 0xbc, 0x1, 0xff, 0xf9,
    0x11, 0x80,

    /* U+044A "ъ" */
    0x7f, 0xff, 0xc4, 0x1, 0xff, 0xe6, 0x6d, 0xdc,
    0x80, 0x1f, 0xfc, 0x21, 0x22, 0xc0, 0x1f, 0xfe,
    0x5, 0x66, 0xca, 0x60, 0x1f, 0xfc, 0x18, 0x99,
    0xd5, 0x9f, 0x0, 0x1f, 0xfc, 0x77, 0x80, 0xf,
    0xf6, 0xff, 0xdd, 0x20, 0x13, 0x88, 0x7, 0xff,
    0x4, 0x59, 0x0, 0x22, 0x0, 0xff, 0xe1, 0xb0,
    0x7, 0xff, 0x6, 0x9d, 0xe8, 0xc2, 0x0, 0x9,
    0x80, 0x7f, 0x3c, 0x44, 0xe6, 0x1, 0x58, 0x7,
    0xff, 0x10, 0x97, 0x14, 0x0,

    /* U+044B "ы" */
    0xff, 0xb8, 0x3, 0xff, 0x81, 0x9f, 0xf0, 0x80,
    0x7f, 0xff, 0xc0, 0x3f, 0xfa, 0xcc, 0xd9, 0x54,
    0x60, 0x1f, 0xfc, 0x11, 0x99, 0xd5, 0x4c, 0xe5,
    0x0, 0xff, 0xe3, 0x8d, 0x20, 0x7, 0xf8, 0x7f,
    0xf6, 0xb0, 0x5, 0x0, 0x1f, 0xfc, 0x32, 0x90,
    0x8, 0xc0, 0x3f, 0xf8, 0x82, 0x1, 0xff, 0xc3,
    0x77, 0xd3, 0xe0, 0x12, 0x0, 0x7f, 0x86, 0x23,
    0x30, 0x80, 0x6, 0x40, 0x3f, 0xf8, 0x82, 0x6f,
    0xe4, 0x1, 0xf0,

    /* U+044C "ь" */
    0xef, 0xf8, 0x3, 0xff, 0xfe, 0x1, 0xff, 0xc3,
    0x66, 0xca, 0xa3, 0x0, 0xfd, 0x33, 0xaa, 0x99,
    0xcc, 0x1, 0xff, 0xc1, 0x19, 0x50, 0xe, 0xff,
    0xda, 0xe0, 0x14, 0x0, 0x7f, 0x14, 0x8, 0x0,
    0x80, 0x3f, 0xc2, 0x20, 0xf, 0xce, 0xfa, 0x30,
    0x2, 0x30, 0xe, 0x88, 0xce, 0x40, 0x1, 0xe0,
    0xf, 0xf8, 0xdf, 0xc8, 0x0,

    /* U+044D "э" */
    0x0, 0x85, 0xf3, 0xbf, 0xad, 0x80, 0x3c, 0x9d,
    0x6, 0x20, 0x29, 0x3a, 0x40, 0x11, 0x58, 0x7,
    0xe2, 0xf0, 0xa, 0x0, 0x25, 0xdf, 0xc3, 0x0,
    0x14, 0x0, 0x2b, 0x6a, 0x28, 0x80, 0xf4, 0x2,
    0x60, 0x8, 0x95, 0xc0, 0x30, 0x98, 0x0, 0x48,
    0x3, 0xd7, 0xff, 0x18, 0x4, 0xc0, 0x1f, 0xfc,
    0x21, 0x0, 0xf7, 0xd5, 0x44, 0x1, 0x8, 0x4,
    0x66, 0x4, 0x55, 0x88, 0x2, 0x61, 0xdf, 0xce,
    0x0, 0xca, 0x1, 0x9, 0x8, 0x80, 0x5, 0x44,
    0x2b, 0x60, 0x13, 0x0, 0x3c, 0x2, 0x5d, 0xea,
    0x10, 0x1, 0x40, 0x0, 0xec, 0x3, 0xf1, 0x78,
    0x6, 0x4e, 0x73, 0x0, 0xa, 0x4e, 0x90, 0x0,

    /* U+044E "ю" */
    0xf, 0xfb, 0x40, 0x3c, 0xb5, 0xdf, 0xec, 0x81,
    0x0, 0xff, 0xe0, 0xd, 0xd2, 0x88, 0x0, 0xdf,
    0x94, 0x3, 0xfe, 0xd4, 0x0, 0xfd, 0x48, 0x1,
    0xfc, 0xc6, 0x0, 0x1b, 0xed, 0x70, 0xa, 0x80,
    0x3f, 0xa8, 0x2, 0xd4, 0x12, 0x85, 0x0, 0xa,
    0x80, 0x70, 0x8c, 0x60, 0x1, 0x30, 0xd, 0xe0,
    0x16, 0x0, 0x62, 0xee, 0x80, 0x22, 0x0, 0xe6,
    0x0, 0x88, 0x3, 0xfe, 0x70, 0xe, 0x10, 0x9,
    0xc0, 0x3f, 0xe7, 0x0, 0xe1, 0x0, 0x9c, 0x3,
    0x17, 0xfc, 0x1, 0x10, 0x7, 0x30, 0x4, 0x40,
    0x1f, 0x8c, 0x0, 0x28, 0x1, 0xb8, 0x2, 0xc0,
    0xf, 0xd2, 0x1, 0x52, 0x88, 0xa1, 0x0, 0x2,
    0xa0, 0x1f, 0x95, 0x0, 0x3, 0x5d, 0xc7, 0x0,
    0xa0, 0x3, 0xfd, 0x68, 0x1, 0xfa, 0x18, 0x3,
    0xfe, 0xba, 0x51, 0x0, 0x13, 0x6b, 0x80, 0x0,

    /* U+044F "я" */
    0x0, 0xd1, 0xbf, 0xff, 0xce, 0x1, 0x63, 0x90,
    0x7, 0xff, 0x1, 0x8c, 0x2, 0x47, 0x79, 0x40,
    0x3d, 0xa0, 0x14, 0xdc, 0x45, 0xe0, 0x1e, 0x70,
    0x9, 0x0, 0x3f, 0xe6, 0x0, 0x9c, 0x3, 0xfe,
    0xf0, 0xa, 0xa1, 0x56, 0xd0, 0xf, 0x2a, 0x0,
    0x4f, 0x55, 0x38, 0x7, 0xd7, 0x24, 0x1, 0xff,
    0xc2, 0x32, 0x0, 0xab, 0xa8, 0x3, 0xe2, 0xa0,
    0xa, 0xd4, 0x40, 0x3f, 0x70, 0x4, 0xc8, 0x1,
    0xfc, 0xc6, 0x0, 0x18, 0x0, 0xfe, 0x29, 0x0,
    0xac, 0x40, 0x3f, 0xa4, 0x2, 0x45, 0x0, 0xfe,

    /* U+0451 "ё" */
    0x0, 0xbb, 0xfc, 0xc0, 0xf, 0xf9, 0x40, 0x3f,
    0xfa, 0xf5, 0x52, 0x0, 0x2a, 0xa4, 0x0, 0xe4,
    0x55, 0x10, 0x1, 0x56, 0x10, 0xf, 0x25, 0x77,
    0xf6, 0x30, 0x7, 0xd3, 0x6a, 0x20, 0x27, 0x3a,
    0x40, 0x1a, 0x58, 0x3, 0xe2, 0xc1, 0x0, 0x1b,
    0x0, 0x6, 0xff, 0x98, 0x0, 0x30, 0x0, 0x90,
    0xa, 0x90, 0x6, 0x4c, 0x0, 0xe0, 0x4, 0x0,
    0x90, 0x3, 0x58, 0x0, 0x4c, 0x4, 0x2, 0xff,
    0xe8, 0x0, 0x98, 0x40, 0x3f, 0xf8, 0x26, 0x20,
    0x10, 0xcc, 0xff, 0x20, 0x8, 0x0, 0x59, 0xbf,
    0x88, 0x10, 0x2, 0x60, 0xd, 0x9b, 0x50, 0x21,
    0xc0, 0x14, 0xa8, 0x1, 0xcc, 0x95, 0x42, 0x8,
    0xa0, 0x15, 0x7f, 0xa0, 0x2, 0x90, 0xa, 0x94,
    0x3, 0xf4, 0xa0, 0x6, 0xab, 0x51, 0x0, 0x13,
    0x6b, 0x0, 0x0
};


/*---------------------
 *  GLYPH DESCRIPTION
 *--------------------*/

static const lv_font_fmt_txt_glyph_dsc_t glyph_dsc[] = {
    {.bitmap_index = 0, .adv_w = 0, .box_w = 0, .box_h = 0, .ofs_x = 0, .ofs_y = 0} /* id = 0 reserved */,
    {.bitmap_index = 0, .adv_w = 124, .box_w = 0, .box_h = 0, .ofs_x = 0, .ofs_y = 0},
    {.bitmap_index = 0, .adv_w = 149, .box_w = 5, .box_h = 20, .ofs_x = 2, .ofs_y = 0},
    {.bitmap_index = 39, .adv_w = 212, .box_w = 11, .box_h = 8, .ofs_x = 1, .ofs_y = 12},
    {.bitmap_index = 73, .adv_w = 249, .box_w = 16, .box_h = 20, .ofs_x = 0, .ofs_y = 0},
    {.bitmap_index = 200, .adv_w = 249, .box_w = 15, .box_h = 25, .ofs_x = 0, .ofs_y = -3},
    {.bitmap_index = 343, .adv_w = 398, .box_w = 23, .box_h = 20, .ofs_x = 1, .ofs_y = 0},
    {.bitmap_index = 536, .adv_w = 324, .box_w = 19, .box_h = 21, .ofs_x = 1, .ofs_y = -1},
    {.bitmap_index = 703, .adv_w = 107, .box_w = 5, .box_h = 8, .ofs_x = 1, .ofs_y = 12},
    {.bitmap_index = 719, .adv_w = 149, .box_w = 8, .box_h = 26, .ofs_x = 1, .ofs_y = -6},
    {.bitmap_index = 810, .adv_w = 149, .box_w = 8, .box_h = 26, .ofs_x = 0, .ofs_y = -6},
    {.bitmap_index = 900, .adv_w = 174, .box_w = 11, .box_h = 10, .ofs_x = 0, .ofs_y = 10},
    {.bitmap_index = 950, .adv_w = 262, .box_w = 15, .box_h = 15, .ofs_x = 1, .ofs_y = 3},
    {.bitmap_index = 985, .adv_w = 124, .box_w = 5, .box_h = 9, .ofs_x = 1, .ofs_y = -5},
    {.bitmap_index = 1006, .adv_w = 149, .box_w = 9, .box_h = 4, .ofs_x = 1, .ofs_y = 5},
    {.bitmap_index = 1015, .adv_w = 124, .box_w = 4, .box_h = 4, .ofs_x = 2, .ofs_y = 0},
    {.bitmap_index = 1021, .adv_w = 124, .box_w = 9, .box_h = 20, .ofs_x = -1, .ofs_y = 0},
    {.bitmap_index = 1094, .adv_w = 249, .box_w = 14, .box_h = 20, .ofs_x = 1, .ofs_y = 0},
    {.bitmap_index = 1206, .adv_w = 249, .box_w = 10, .box_h = 20, .ofs_x = 2, .ofs_y = 0},
    {.bitmap_index = 1242, .adv_w = 249, .box_w = 15, .box_h = 20, .ofs_x = 0, .ofs_y = 0},
    {.bitmap_index = 1354, .adv_w = 249, .box_w = 14, .box_h = 20, .ofs_x = 1, .ofs_y = 0},
    {.bitmap_index = 1473, .adv_w = 249, .box_w = 15, .box_h = 20, .ofs_x = 0, .ofs_y = 0},
    {.bitmap_index = 1554, .adv_w = 249, .box_w = 14, .box_h = 20, .ofs_x = 1, .ofs_y = 0},
    {.bitmap_index = 1664, .adv_w = 249, .box_w = 14, .box_h = 20, .ofs_x = 1, .ofs_y = 0},
    {.bitmap_index = 1788, .adv_w = 249, .box_w = 14, .box_h = 20, .ofs_x = 1, .ofs_y = 0},
    {.bitmap_index = 1874, .adv_w = 249, .box_w = 14, .box_h = 20, .ofs_x = 1, .ofs_y = 0},
    {.bitmap_index = 1997, .adv_w = 249, .box_w = 15, .box_h = 20, .ofs_x = 0, .ofs_y = 0},
    {.bitmap_index = 2129, .adv_w = 149, .box_w = 5, .box_h = 15, .ofs_x = 2, .ofs_y = 0},
    {.bitmap_index = 2147, .adv_w = 149, .box_w = 5, .box_h = 20, .ofs_x = 2, .ofs_y = -5},
    {.bitmap_index = 2178, .adv_w = 262, .box_w = 15, .box_h = 16, .ofs_x = 1, .ofs_y = 2},
    {.bitmap_index = 2265, .adv_w = 262, .box_w = 15, .box_h = 10, .ofs_x = 1, .ofs_y = 5},
    {.bitmap_index = 2295, .adv_w = 262, .box_w = 15, .box_h = 16, .ofs_x = 1, .ofs_y = 2},
    {.bitmap_index = 2380, .adv_w = 274, .box_w = 15, .box_h = 20, .ofs_x = 1, .ofs_y = 0},
    {.bitmap_index = 2483, .adv_w = 437, .box_w = 28, .box_h = 26, .ofs_x = 0, .ofs_y = -6},
    {.bitmap_index = 2807, .adv_w = 324, .box_w = 21, .box_h = 20, .ofs_x = 0, .ofs_y = 0},
    {.bitmap_index = 2949, .adv_w = 324, .box_w = 17, .box_h = 20, .ofs_x = 2, .ofs_y = 0},
    {.bitmap_index = 3058, .adv_w = 324, .box_w = 18, .box_h = 20, .ofs_x = 1, .ofs_y = 0},
    {.bitmap_index = 3194, .adv_w = 324, .box_w = 17, .box_h = 20, .ofs_x = 2, .ofs_y = 0},
    {.bitmap_index = 3296, .adv_w = 299, .box_w = 16, .box_h = 20, .ofs_x = 2, .ofs_y = 0},
    {.bitmap_index = 3339, .adv_w = 274, .box_w = 14, .box_h = 20, .ofs_x = 2, .ofs_y = 0},
    {.bitmap_index = 3375, .adv_w = 348, .box_w = 20, .box_h = 20, .ofs_x = 1, .ofs_y = 0},
    {.bitmap_index = 3520, .adv_w = 324, .box_w = 17, .box_h = 20, .ofs_x = 2, .ofs_y = 0},
    {.bitmap_index = 3550, .adv_w = 124, .box_w = 5, .box_h = 20, .ofs_x = 1, .ofs_y = 0},
    {.bitmap_index = 3559, .adv_w = 249, .box_w = 14, .box_h = 20, .ofs_x = 0, .ofs_y = 0},
    {.bitmap_index = 3616, .adv_w = 324, .box_w = 19, .box_h = 20, .ofs_x = 2, .ofs_y = 0},
    {.bitmap_index = 3737, .adv_w = 274, .box_w = 15, .box_h = 20, .ofs_x = 2, .ofs_y = 0},
    {.bitmap_index = 3763, .adv_w = 373, .box_w = 21, .box_h = 20, .ofs_x = 1, .ofs_y = 0},
    {.bitmap_index = 3899, .adv_w = 324, .box_w = 16, .box_h = 20, .ofs_x = 2, .ofs_y = 0},
    {.bitmap_index = 3987, .adv_w = 348, .box_w = 20, .box_h = 20, .ofs_x = 1, .ofs_y = 0},
    {.bitmap_index = 4139, .adv_w = 299, .box_w = 16, .box_h = 20, .ofs_x = 2, .ofs_y = 0},
    {.bitmap_index = 4218, .adv_w = 348, .box_w = 21, .box_h = 22, .ofs_x = 1, .ofs_y = -2},
    {.bitmap_index = 4395, .adv_w = 324, .box_w = 19, .box_h = 20, .ofs_x = 2, .ofs_y = 0},
    {.bitmap_index = 4515, .adv_w = 299, .box_w = 17, .box_h = 20, .ofs_x = 1, .ofs_y = 0},
    {.bitmap_index = 4658, .adv_w = 274, .box_w = 17, .box_h = 20, .ofs_x = 0, .ofs_y = 0},
    {.bitmap_index = 4691, .adv_w = 324, .box_w = 16, .box_h = 20, .ofs_x = 2, .ofs_y = 0},
    {.bitmap_index = 4757, .adv_w = 299, .box_w = 20, .box_h = 20, .ofs_x = -1, .ofs_y = 0},
    {.bitmap_index = 4900, .adv_w = 423, .box_w = 27, .box_h = 20, .ofs_x = 0, .ofs_y = 0},
    {.bitmap_index = 5120, .adv_w = 299, .box_w = 19, .box_h = 20, .ofs_x = 0, .ofs_y = 0},
    {.bitmap_index = 5265, .adv_w = 299, .box_w = 20, .box_h = 20, .ofs_x = -1, .ofs_y = 0},
    {.bitmap_index = 5365, .adv_w = 274, .box_w = 17, .box_h = 20, .ofs_x = 0, .ofs_y = 0},
    {.bitmap_index = 5459, .adv_w = 149, .box_w = 7, .box_h = 26, .ofs_x = 2, .ofs_y = -6},
    {.bitmap_index = 5478, .adv_w = 124, .box_w = 9, .box_h = 20, .ofs_x = -1, .ofs_y = 0},
    {.bitmap_index = 5549, .adv_w = 149, .box_w = 8, .box_h = 26, .ofs_x = 0, .ofs_y = -6},
    {.bitmap_index = 5570, .adv_w = 262, .box_w = 14, .box_h = 11, .ofs_x = 1, .ofs_y = 10},
    {.bitmap_index = 5635, .adv_w = 249, .box_w = 17, .box_h = 3, .ofs_x = -1, .ofs_y = -6},
    {.bitmap_index = 5647, .adv_w = 149, .box_w = 7, .box_h = 5, .ofs_x = 0, .ofs_y = 16},
    {.bitmap_index = 5665, .adv_w = 249, .box_w = 14, .box_h = 15, .ofs_x = 1, .ofs_y = 0},
    {.bitmap_index = 5758, .adv_w = 274, .box_w = 16, .box_h = 20, .ofs_x = 1, .ofs_y = 0},
    {.bitmap_index = 5853, .adv_w = 249, .box_w = 14, .box_h = 15, .ofs_x = 1, .ofs_y = 0},
    {.bitmap_index = 5943, .adv_w = 274, .box_w = 15, .box_h = 20, .ofs_x = 1, .ofs_y = 0},
    {.bitmap_index = 6037, .adv_w = 249, .box_w = 15, .box_h = 15, .ofs_x = 0, .ofs_y = 0},
    {.bitmap_index = 6131, .adv_w = 149, .box_w = 11, .box_h = 20, .ofs_x = 0, .ofs_y = 0},
    {.bitmap_index = 6178, .adv_w = 274, .box_w = 15, .box_h = 21, .ofs_x = 1, .ofs_y = -6},
    {.bitmap_index = 6308, .adv_w = 274, .box_w = 14, .box_h = 20, .ofs_x = 2, .ofs_y = 0},
    {.bitmap_index = 6357, .adv_w = 124, .box_w = 4, .box_h = 20, .ofs_x = 2, .ofs_y = 0},
    {.bitmap_index = 6369, .adv_w = 124, .box_w = 8, .box_h = 26, .ofs_x = -2, .ofs_y = -6},
    {.bitmap_index = 6409, .adv_w = 249, .box_w = 15, .box_h = 20, .ofs_x = 1, .ofs_y = 0},
    {.bitmap_index = 6487, .adv_w = 124, .box_w = 4, .box_h = 20, .ofs_x = 2, .ofs_y = 0},
    {.bitmap_index = 6493, .adv_w = 398, .box_w = 23, .box_h = 15, .ofs_x = 1, .ofs_y = 0},
    {.bitmap_index = 6568, .adv_w = 274, .box_w = 15, .box_h = 15, .ofs_x = 1, .ofs_y = 0},
    {.bitmap_index = 6617, .adv_w = 274, .box_w = 16, .box_h = 15, .ofs_x = 1, .ofs_y = 0},
    {.bitmap_index = 6721, .adv_w = 274, .box_w = 16, .box_h = 21, .ofs_x = 1, .ofs_y = -6},
    {.bitmap_index = 6820, .adv_w = 274, .box_w = 15, .box_h = 21, .ofs_x = 1, .ofs_y = -6},
    {.bitmap_index = 6916, .adv_w = 174, .box_w = 11, .box_h = 15, .ofs_x = 1, .ofs_y = 0},
    {.bitmap_index = 6952, .adv_w = 249, .box_w = 15, .box_h = 15, .ofs_x = 0, .ofs_y = 0},
    {.bitmap_index = 7055, .adv_w = 149, .box_w = 9, .box_h = 21, .ofs_x = 0, .ofs_y = 0},
    {.bitmap_index = 7110, .adv_w = 274, .box_w = 15, .box_h = 15, .ofs_x = 1, .ofs_y = 0},
    {.bitmap_index = 7158, .adv_w = 249, .box_w = 16, .box_h = 15, .ofs_x = 0, .ofs_y = 0},
    {.bitmap_index = 7253, .adv_w = 348, .box_w = 22, .box_h = 15, .ofs_x = 0, .ofs_y = 0},
    {.bitmap_index = 7399, .adv_w = 249, .box_w = 16, .box_h = 15, .ofs_x = 0, .ofs_y = 0},
    {.bitmap_index = 7497, .adv_w = 249, .box_w = 16, .box_h = 21, .ofs_x = 0, .ofs_y = -6},
    {.bitmap_index = 7625, .adv_w = 224, .box_w = 14, .box_h = 15, .ofs_x = 0, .ofs_y = 0},
    {.bitmap_index = 7686, .adv_w = 174, .box_w = 11, .box_h = 26, .ofs_x = 0, .ofs_y = -6},
    {.bitmap_index = 7785, .adv_w = 125, .box_w = 4, .box_h = 26, .ofs_x = 2, .ofs_y = -6},
    {.bitmap_index = 7794, .adv_w = 174, .box_w = 10, .box_h = 26, .ofs_x = 0, .ofs_y = -6},
    {.bitmap_index = 7887, .adv_w = 262, .box_w = 16, .box_h = 7, .ofs_x = 0, .ofs_y = 6},
    {.bitmap_index = 7935, .adv_w = 179, .box_w = 9, .box_h = 9, .ofs_x = 1, .ofs_y = 12},
    {.bitmap_index = 7976, .adv_w = 300, .box_w = 16, .box_h = 25, .ofs_x = 2, .ofs_y = 0},
    {.bitmap_index = 8041, .adv_w = 324, .box_w = 21, .box_h = 20, .ofs_x = 0, .ofs_y = 0},
    {.bitmap_index = 8183, .adv_w = 322, .box_w = 17, .box_h = 20, .ofs_x = 2, .ofs_y = 0},
    {.bitmap_index = 8267, .adv_w = 324, .box_w = 17, .box_h = 20, .ofs_x = 2, .ofs_y = 0},
    {.bitmap_index = 8376, .adv_w = 254, .box_w = 14, .box_h = 20, .ofs_x = 2, .ofs_y = 0},
    {.bitmap_index = 8400, .adv_w = 319, .box_w = 21, .box_h = 25, .ofs_x = -1, .ofs_y = -5},
    {.bitmap_index = 8506, .adv_w = 299, .box_w = 16, .box_h = 20, .ofs_x = 2, .ofs_y = 0},
    {.bitmap_index = 8549, .adv_w = 405, .box_w = 25, .box_h = 20, .ofs_x = 0, .ofs_y = 0},
    {.bitmap_index = 8730, .adv_w = 281, .box_w = 17, .box_h = 20, .ofs_x = 0, .ofs_y = 0},
    {.bitmap_index = 8863, .adv_w = 322, .box_w = 17, .box_h = 20, .ofs_x = 2, .ofs_y = 0},
    {.bitmap_index = 8955, .adv_w = 322, .box_w = 17, .box_h = 26, .ofs_x = 2, .ofs_y = 0},
    {.bitmap_index = 9083, .adv_w = 273, .box_w = 15, .box_h = 20, .ofs_x = 2, .ofs_y = 0},
    {.bitmap_index = 9182, .adv_w = 314, .box_w = 18, .box_h = 20, .ofs_x = 0, .ofs_y = 0},
    {.bitmap_index = 9234, .adv_w = 373, .box_w = 21, .box_h = 20, .ofs_x = 1, .ofs_y = 0},
    {.bitmap_index = 9370, .adv_w = 324, .box_w = 17, .box_h = 20, .ofs_x = 2, .ofs_y = 0},
    {.bitmap_index = 9400, .adv_w = 348, .box_w = 20, .box_h = 20, .ofs_x = 1, .ofs_y = 0},
    {.bitmap_index = 9552, .adv_w = 322, .box_w = 17, .box_h = 20, .ofs_x = 2, .ofs_y = 0},
    {.bitmap_index = 9578, .adv_w = 299, .box_w = 16, .box_h = 20, .ofs_x = 2, .ofs_y = 0},
    {.bitmap_index = 9657, .adv_w = 324, .box_w = 18, .box_h = 20, .ofs_x = 1, .ofs_y = 0},
    {.bitmap_index = 9793, .adv_w = 274, .box_w = 17, .box_h = 20, .ofs_x = 0, .ofs_y = 0},
    {.bitmap_index = 9826, .adv_w = 279, .box_w = 18, .box_h = 20, .ofs_x = 0, .ofs_y = 0},
    {.bitmap_index = 9959, .adv_w = 382, .box_w = 22, .box_h = 20, .ofs_x = 1, .ofs_y = 0},
    {.bitmap_index = 10106, .adv_w = 299, .box_w = 19, .box_h = 20, .ofs_x = 0, .ofs_y = 0},
    {.bitmap_index = 10251, .adv_w = 327, .box_w = 18, .box_h = 25, .ofs_x = 2, .ofs_y = -5},
    {.bitmap_index = 10292, .adv_w = 315, .box_w = 17, .box_h = 20, .ofs_x = 1, .ofs_y = 0},
    {.bitmap_index = 10353, .adv_w = 450, .box_w = 25, .box_h = 20, .ofs_x = 2, .ofs_y = 0},
    {.bitmap_index = 10395, .adv_w = 457, .box_w = 26, .box_h = 25, .ofs_x = 2, .ofs_y = -5},
    {.bitmap_index = 10454, .adv_w = 390, .box_w = 24, .box_h = 20, .ofs_x = 0, .ofs_y = 0},
    {.bitmap_index = 10541, .adv_w = 439, .box_w = 24, .box_h = 20, .ofs_x = 2, .ofs_y = 0},
    {.bitmap_index = 10627, .adv_w = 322, .box_w = 17, .box_h = 20, .ofs_x = 2, .ofs_y = 0},
    {.bitmap_index = 10702, .adv_w = 319, .box_w = 18, .box_h = 20, .ofs_x = 1, .ofs_y = 0},
    {.bitmap_index = 10842, .adv_w = 462, .box_w = 26, .box_h = 20, .ofs_x = 2, .ofs_y = 0},
    {.bitmap_index = 11018, .adv_w = 322, .box_w = 19, .box_h = 20, .ofs_x = 0, .ofs_y = 0},
    {.bitmap_index = 11136, .adv_w = 249, .box_w = 14, .box_h = 15, .ofs_x = 1, .ofs_y = 0},
    {.bitmap_index = 11229, .adv_w = 277, .box_w = 16, .box_h = 20, .ofs_x = 1, .ofs_y = 0},
    {.bitmap_index = 11365, .adv_w = 275, .box_w = 15, .box_h = 15, .ofs_x = 2, .ofs_y = 0},
    {.bitmap_index = 11445, .adv_w = 187, .box_w = 11, .box_h = 15, .ofs_x = 1, .ofs_y = 0},
    {.bitmap_index = 11464, .adv_w = 284, .box_w = 19, .box_h = 19, .ofs_x = -1, .ofs_y = -4},
    {.bitmap_index = 11549, .adv_w = 249, .box_w = 15, .box_h = 15, .ofs_x = 0, .ofs_y = 0},
    {.bitmap_index = 11643, .adv_w = 318, .box_w = 21, .box_h = 15, .ofs_x = -1, .ofs_y = 0},
    {.bitmap_index = 11767, .adv_w = 223, .box_w = 13, .box_h = 15, .ofs_x = 0, .ofs_y = 0},
    {.bitmap_index = 11856, .adv_w = 275, .box_w = 15, .box_h = 15, .ofs_x = 1, .ofs_y = 0},
    {.bitmap_index = 11924, .adv_w = 275, .box_w = 15, .box_h = 20, .ofs_x = 1, .ofs_y = 0},
    {.bitmap_index = 12018, .adv_w = 224, .box_w = 14, .box_h = 15, .ofs_x = 1, .ofs_y = 0},
    {.bitmap_index = 12090, .adv_w = 285, .box_w = 16, .box_h = 15, .ofs_x = 0, .ofs_y = 0},
    {.bitmap_index = 12129, .adv_w = 331, .box_w = 17, .box_h = 15, .ofs_x = 2, .ofs_y = 0},
    {.bitmap_index = 12218, .adv_w = 271, .box_w = 15, .box_h = 15, .ofs_x = 1, .ofs_y = 0},
    {.bitmap_index = 12244, .adv_w = 274, .box_w = 16, .box_h = 15, .ofs_x = 1, .ofs_y = 0},
    {.bitmap_index = 12348, .adv_w = 271, .box_w = 14, .box_h = 15, .ofs_x = 1, .ofs_y = 0},
    {.bitmap_index = 12368, .adv_w = 274, .box_w = 16, .box_h = 21, .ofs_x = 1, .ofs_y = -6},
    {.bitmap_index = 12467, .adv_w = 249, .box_w = 14, .box_h = 15, .ofs_x = 1, .ofs_y = 0},
    {.bitmap_index = 12557, .adv_w = 219, .box_w = 14, .box_h = 15, .ofs_x = 0, .ofs_y = 0},
    {.bitmap_index = 12581, .adv_w = 249, .box_w = 16, .box_h = 21, .ofs_x = 0, .ofs_y = -6},
    {.bitmap_index = 12709, .adv_w = 392, .box_w = 23, .box_h = 26, .ofs_x = 1, .ofs_y = -6},
    {.bitmap_index = 12883, .adv_w = 249, .box_w = 16, .box_h = 15, .ofs_x = 0, .ofs_y = 0},
    {.bitmap_index = 12981, .adv_w = 275, .box_w = 16, .box_h = 19, .ofs_x = 1, .ofs_y = -4},
    {.bitmap_index = 13019, .adv_w = 260, .box_w = 14, .box_h = 15, .ofs_x = 1, .ofs_y = 0},
    {.bitmap_index = 13065, .adv_w = 373, .box_w = 21, .box_h = 15, .ofs_x = 1, .ofs_y = 0},
    {.bitmap_index = 13100, .adv_w = 378, .box_w = 23, .box_h = 19, .ofs_x = 1, .ofs_y = -4},
    {.bitmap_index = 13150, .adv_w = 327, .box_w = 20, .box_h = 15, .ofs_x = 0, .ofs_y = 0},
    {.bitmap_index = 13219, .adv_w = 383, .box_w = 21, .box_h = 15, .ofs_x = 2, .ofs_y = 0},
    {.bitmap_index = 13286, .adv_w = 275, .box_w = 15, .box_h = 15, .ofs_x = 2, .ofs_y = 0},
    {.bitmap_index = 13339, .adv_w = 247, .box_w = 15, .box_h = 15, .ofs_x = 0, .ofs_y = 0},
    {.bitmap_index = 13435, .adv_w = 383, .box_w = 22, .box_h = 15, .ofs_x = 1, .ofs_y = 0},
    {.bitmap_index = 13555, .adv_w = 261, .box_w = 16, .box_h = 15, .ofs_x = -1, .ofs_y = 0},
    {.bitmap_index = 13635, .adv_w = 249, .box_w = 15, .box_h = 20, .ofs_x = 0, .ofs_y = 0}
};

/*---------------------
 *  CHARACTER MAPPING
 *--------------------*/

static const uint16_t unicode_list_1[] = {
    0x0, 0x351
};

/*Collect the unicode lists and glyph_id offsets*/
static const lv_font_fmt_txt_cmap_t cmaps[] =
{
    {
        .range_start = 32, .range_length = 95, .glyph_id_start = 1,
        .unicode_list = NULL, .glyph_id_ofs_list = NULL, .list_length = 0, .type = LV_FONT_FMT_TXT_CMAP_FORMAT0_TINY
    },
    {
        .range_start = 176, .range_length = 850, .glyph_id_start = 96,
        .unicode_list = unicode_list_1, .glyph_id_ofs_list = NULL, .list_length = 2, .type = LV_FONT_FMT_TXT_CMAP_SPARSE_TINY
    },
    {
        .range_start = 1040, .range_length = 64, .glyph_id_start = 98,
        .unicode_list = NULL, .glyph_id_ofs_list = NULL, .list_length = 0, .type = LV_FONT_FMT_TXT_CMAP_FORMAT0_TINY
    },
    {
        .range_start = 1105, .range_length = 1, .glyph_id_start = 162,
        .unicode_list = NULL, .glyph_id_ofs_list = NULL, .list_length = 0, .type = LV_FONT_FMT_TXT_CMAP_FORMAT0_TINY
    }
};



/*--------------------
 *  ALL CUSTOM DATA
 *--------------------*/

#if LVGL_VERSION_MAJOR == 8
/*Store all the custom data of the font*/
static  lv_font_fmt_txt_glyph_cache_t cache;
#endif

#if LVGL_VERSION_MAJOR >= 8
static const lv_font_fmt_txt_dsc_t font_dsc = {
#else
static lv_font_fmt_txt_dsc_t font_dsc = {
#endif
    .glyph_bitmap = glyph_bitmap,
    .glyph_dsc = glyph_dsc,
    .cmaps = cmaps,
    .kern_dsc = NULL,
    .kern_scale = 0,
    .cmap_num = 4,
    .bpp = 4,
    .kern_classes = 0,
    .bitmap_format = 1,
#if LVGL_VERSION_MAJOR == 8
    .cache = &cache
#endif
};



/*-----------------
 *  PUBLIC FONT
 *----------------*/

/*Initialize a public general font descriptor*/
#if LVGL_VERSION_MAJOR >= 8
const lv_font_t font_ru_28_bold = {
#else
lv_font_t font_ru_28_bold = {
#endif
    .get_glyph_dsc = lv_font_get_glyph_dsc_fmt_txt,    /*Function pointer to get glyph's data*/
    .get_glyph_bitmap = lv_font_get_bitmap_fmt_txt,    /*Function pointer to get glyph's bitmap*/
    .line_height = 32,          /*The maximum line height required by the font*/
    .base_line = 6,             /*Baseline measured from the bottom of the line*/
#if !(LVGL_VERSION_MAJOR == 6 && LVGL_VERSION_MINOR == 0)
    .subpx = LV_FONT_SUBPX_NONE,
#endif
#if LV_VERSION_CHECK(7, 4, 0) || LVGL_VERSION_MAJOR >= 8
    .underline_position = -3,
    .underline_thickness = 3,
#endif
    .dsc = &font_dsc,          /*The custom font data. Will be accessed by `get_glyph_bitmap/dsc` */
#if LV_VERSION_CHECK(8, 2, 0) || LVGL_VERSION_MAJOR >= 9
    .fallback = NULL,
#endif
    .user_data = NULL,
};



#endif /*#if FONT_RU_28_BOLD*/

